Credit Score,Finance Type,LTV,Average Gross Revenue Binding
468,Purchase,1.196242991,1396.83
479,Purchase,1.2211507,2536.34
482,Purchase,1.084449315,2048.5
483,Purchase,1.279261,1161.93
495,Purchase,1.229868545,1755.205
498,Purchase,1.392953945,2658.666667
499,Purchase,1.39222807,2658.666667
499,Purchase,1.253418638,1755.205
500,Purchase,1.393736018,2658.666667
503,Purchase,1.075609977,1559.64
504,Purchase,1.18170543,2455.69
505,Purchase,1.062136791,1559.64
506,Purchase,1.134485068,2455.69
507,Purchase,0.917549644,531.44
507,Purchase,1.039677885,1559.64
512,Purchase,1.301509677,2210.51
514,Purchase,0.754058888,388.3
518,Purchase,1.127514428,613.3
525,Purchase,1.387405645,2189.09
525,Purchase,1.156814965,1296.686
525,Purchase,1.148707965,1296.686
527,Purchase,1.117509653,1296.686
528,Purchase,0.680195165,321.36
529,Purchase,1.135062667,1296.686
530,Purchase,1.118288089,1296.686
530,Purchase,1.212438165,1240.485
530,Purchase,1.294678832,1240.485
531,Purchase,1.359398131,2244.58
533,Refi,1.123652805,1202
535,Purchase,1.172631409,2051.5
535,Purchase,1.19585381,2051.5
535,Purchase,1.067708626,2926.57
538,Purchase,1.416668976,3095.46
542,Purchase,1.027642773,2075.388571
543,Purchase,1.072055746,2075.388571
543,Purchase,1.315699758,1207.055
544,Purchase,1.082668547,2075.388571
544,Purchase,1.06350559,2075.388571
544,Purchase,1.171354044,2267.46
544,Purchase,1.427877778,2381.17
545,Purchase,1.05153757,2075.388571
546,Purchase,1.035405556,2075.388571
546,Purchase,1.013694024,2075.388571
547,Purchase,1.327644647,1207.055
548,Purchase,1.1422,2267.46
548,Refi,1.181271778,706.32
549,Purchase,1.291591642,1004.72
550,Purchase,0.415409955,404.99
551,Purchase,1.268930534,2335.8
551,Purchase,1.073946726,2307.23
551,Purchase,1.170498,1930.92
552,Refi,0.953895294,753.6666667
552,Purchase,1.16606935,1930.92
552,Purchase,0.683136228,906.45
553,Purchase,1.057799057,2307.23
554,Purchase,0.916284806,1584.9025
555,Refi,1.411960618,934
555,Purchase,0.996914815,1584.9025
557,Purchase,0.984474248,1584.9025
557,Refi,1.164472679,400
557,Refi,0.956467281,753.6666667
557,Purchase,1.486719395,2513.21
557,Purchase,0.96120625,1584.9025
559,Refi,0.944074074,753.6666667
559,Purchase,1.305730742,2335.8
559,Purchase,1.174882645,1930.92
560,Purchase,1.089613058,2307.23
560,Refi,0.818442023,1038.63
560,Purchase,1.019148673,2307.23
560,Purchase,1.323141667,1728.66
560,Purchase,1.165389419,1930.92
561,Refi,1.168902018,1248.18875
561,Refi,1.088535579,913.805
561,Purchase,0.941702439,506.79
561,Purchase,1.169554318,1915.4675
561,Refi,1.094372998,913.805
562,Purchase,1.321240748,2454.46
562,Refi,0.967843862,699
563,Refi,1.385230321,1319.226667
563,Purchase,0.90686326,479.15
563,Purchase,1.030108722,1365.813333
564,Refi,1.238071523,1195.886
564,Purchase,1.144590625,1915.4675
564,Purchase,1.258475077,436.08
565,Refi,1.081313559,913.805
565,Refi,1.360526878,1319.226667
565,Refi,1.149526852,1248.18875
565,Purchase,1.068609982,1365.813333
565,Purchase,1.026844218,1365.813333
565,Purchase,0.484442308,1394.18
565,Purchase,1.403816173,2454.46
566,Refi,1.134157702,1248.18875
566,Purchase,0.563172537,523.55
567,Refi,1.262054601,1195.886
567,Refi,1.356350136,1319.226667
567,Refi,1.225183902,1195.886
567,Refi,1.48138401,2076.695
567,Refi,1.239010556,1195.886
568,Refi,1.165728627,1248.18875
568,Refi,1.432780198,2076.695
569,Purchase,1.192634343,1915.4675
569,Refi,1.359091613,1319.226667
569,Refi,1.273332576,1195.886
569,Refi,1.195675092,1248.18875
569,Refi,1.121145038,1248.18875
570,Refi,1.169166516,1248.18875
570,Purchase,1.426415094,2127.74
570,Refi,1.353857175,1319.226667
570,Refi,1.337755203,1319.226667
570,Refi,1.08438465,913.805
570,Refi,1.158647516,1248.18875
570,Purchase,1.411161798,2127.74
570,Purchase,1.155930051,1915.4675
571,Purchase,1.128948995,2464.95
571,Refi,1.002848057,1431.243333
571,Refi,1.407791005,1194.553333
572,Purchase,1.124608425,2464.95
572,Refi,0.906998693,1364.195
572,Refi,1.312499783,1194.553333
572,Purchase,1.380406847,2353.64
572,Purchase,1.302585545,2198.2575
572,Purchase,1.387903245,2353.64
572,Refi,1.554958382,1132
572,Refi,1.431311009,1233.015
573,Purchase,1.305286364,2198.2575
573,Purchase,1.274478702,2198.2575
573,Purchase,1.215612739,2198.2575
573,Refi,0.771207163,759.27
573,Purchase,1.302236907,2198.2575
574,Refi,1.262500444,1107.154286
574,Refi,1.09650542,1161.985556
574,Refi,1.236750077,1107.154286
574,Refi,1.386575258,1194.553333
574,Refi,1.100478133,1161.985556
574,Purchase,0.85880221,1167.585
574,Refi,1.289853659,1107.154286
574,Purchase,0.868019441,1167.585
574,Purchase,1.249440409,2198.2575
574,Purchase,1.396018559,2353.64
574,Purchase,1.320177892,2353.64
574,Refi,1.346671375,1194.553333
574,Purchase,0.847797914,1167.585
574,Refi,0.955007673,1431.243333
575,Refi,1.147202069,1100.51
575,Refi,1.311446269,1194.553333
575,Refi,1.376199222,1194.553333
575,Refi,1.259162215,1107.154286
575,Refi,1.014394475,1161.985556
575,Purchase,0.772983452,544.32
575,Refi,1.143162434,1100.51
575,Refi,1.096701269,1161.985556
575,Purchase,1.087190783,1753.13
575,Purchase,1.439038821,2629.45
576,Purchase,1.213441706,2198.2575
576,Purchase,1.13088812,2464.95
576,Refi,1.141000268,1100.51
576,Purchase,1.17772198,2464.95
576,Refi,1.090287073,1161.985556
576,Refi,1.175021389,1100.51
576,Refi,1.347766429,1194.553333
577,Refi,1.173775642,1100.51
577,Purchase,1.636411796,2032
577,Refi,1.072291239,1161.985556
577,Purchase,0.99488254,1136
578,Refi,1.175395166,1100.51
578,Refi,1.27325,1107.154286
578,Refi,1.37834,1194.553333
578,Refi,1.047965478,1161.985556
578,Refi,1.252022935,1107.154286
579,Refi,1.084636559,1161.985556
579,Purchase,1.277464307,2198.2575
580,Refi,1.243113215,1107.154286
580,Refi,1.312772121,1194.553333
580,Refi,0.927364333,1431.243333
580,Purchase,0.863652679,1167.585
580,Purchase,1.381565189,2353.64
580,Refi,0.840299013,1364.195
580,Refi,1.441568254,1233.015
580,Refi,1.158025121,1100.51
580,Refi,1.106368259,1161.985556
581,Refi,1.363834586,1192.583333
581,Refi,1.2107696,1180.051429
581,Refi,1.192214397,1313.305
582,Refi,1.321514644,1192.583333
582,Purchase,1.385863014,1269.5025
582,Refi,1.14643905,1313.305
582,Refi,1.253086127,1180.051429
582,Refi,0.77621012,827.35
582,Purchase,0.96606424,1091.413333
582,Purchase,1.268573521,1664.54
582,Refi,1.112866019,1313.305
582,Purchase,1.449830108,1649.785
582,Refi,1.444880243,1086.015
582,Refi,1.318809617,1192.583333
582,Purchase,1.270207385,1664.54
583,Refi,1.130313669,1313.305
583,Refi,1.079533333,1062.918182
584,Refi,1.117497483,1313.305
584,Purchase,1.168838679,1838.342857
584,Refi,1.020430859,1062.918182
584,Purchase,1.021555676,1417.034286
584,Purchase,0.931010661,1091.413333
584,Refi,1.170565934,1313.305
584,Purchase,1.44435196,1649.785
585,Purchase,1.0434648,1417.034286
585,Purchase,1.463278412,1649.785
585,Purchase,1.030995798,1417.034286
585,Refi,1.105829098,1062.918182
585,Refi,0.960399569,1233
585,Purchase,1.386077213,1269.5025
585,Purchase,1.03903445,1417.034286
585,Purchase,1.117962475,1838.342857
585,Refi,1.338388796,1192.583333
585,Purchase,1.169332515,1838.342857
585,Refi,1.135014634,1313.305
586,Refi,1.416352201,1086.015
586,Refi,1.396348837,1192.583333
586,Refi,1.159115942,1313.305
586,Purchase,1.127661789,1838.342857
586,Refi,1.429021522,1086.015
586,Refi,1.434718019,1086.015
586,Refi,1.419239452,1086.015
586,Purchase,1.380730935,1269.5025
586,Purchase,1.207030769,1838.342857
586,Purchase,0.741765294,1361.39
586,Refi,0.88222566,825.03
587,Refi,1.236902734,1180.051429
587,Refi,1.226203704,1180.051429
587,Refi,1.2763518,1180.051429
587,Purchase,0.686602985,416.25
587,Refi,1.017328662,1062.918182
587,Refi,1.28508,1180.051429
587,Refi,1.072286095,1062.918182
587,Purchase,1.107363522,1417.034286
587,Refi,1.157609974,1313.305
587,Purchase,0.921853799,1091.413333
588,Refi,1.075506271,1062.918182
588,Refi,1.11403631,1313.305
588,Refi,1.507277117,1086.015
588,Refi,1.161948495,1313.305
588,Purchase,1.155345343,1838.342857
589,Refi,1.093554554,1062.918182
589,Purchase,1.444184783,1649.785
589,Refi,1.085620873,1062.918182
589,Refi,1.295774336,1180.051429
589,Purchase,1.01339823,1417.034286
589,Refi,1.027672,1062.918182
589,Purchase,1.310077207,1269.5025
589,Refi,1.353186854,1192.583333
590,Refi,1.156636995,1313.305
590,Refi,1.16131866,1313.305
590,Refi,1.021510838,1062.918182
590,Purchase,1.243367758,1664.54
590,Purchase,1.173252685,1838.342857
590,Purchase,1.044094675,1417.034286
590,Refi,1.071916714,1062.918182
590,Refi,1.16779972,1313.305
591,Refi,1.263157528,1325.221739
591,Purchase,1.448555781,1369.13
591,Refi,1.403927508,1221.1915
591,Refi,1.406989247,1221.1915
591,Refi,1.3539075,1221.1915
591,Purchase,1.54962406,2134.6
592,Refi,1.238522813,1325.221739
592,Refi,1.289346256,1325.221739
592,Refi,1.403895208,1221.1915
592,Purchase,1.068459631,1001.716
592,Refi,1.394257692,1221.1915
592,Refi,1.309255008,1325.221739
593,Refi,1.168875251,1012.029167
593,Refi,1.134358373,1012.029167
593,Refi,1.247601902,1325.221739
593,Refi,1.202748936,1012.029167
593,Refi,1.41812682,1292.335
593,Purchase,1.244607186,2488.945
593,Refi,1.270411268,1325.221739
593,Refi,1.241625806,1325.221739
593,Refi,0.61665467,1302.77
593,Purchase,1.340125964,2181.08
593,Refi,1.21811129,1325.221739
593,Purchase,0.996085607,1654.738571
593,Purchase,1.330442446,2181.08
593,Refi,1.348540511,1221.1915
593,Refi,1.433189711,1292.335
593,Refi,1.241923015,1325.221739
594,Refi,1.066587368,1134.7
594,Refi,1.338067941,1221.1915
594,Refi,1.35,1221.1915
594,Purchase,1.027938562,1001.716
594,Refi,1.273728086,1325.221739
594,Refi,1.216640888,1325.221739
594,Refi,1.183598972,1012.029167
594,Refi,1.360092605,1221.1915
594,Refi,1.249975705,1325.221739
594,Refi,1.340763775,1221.1915
594,Refi,1.399823625,1221.1915
594,Purchase,0.903127072,1198.215
594,Refi,1.230777634,1325.221739
594,Purchase,1.422432215,1369.13
594,Refi,1.409090248,1221.1915
595,Refi,1.266887912,1325.221739
595,Refi,1.397533632,1221.1915
595,Purchase,0.523651866,785.2
595,Purchase,0.766719011,774.6
595,Purchase,0.998740645,1654.738571
595,Purchase,1.131030228,1944.425714
595,Purchase,1.143098104,1944.425714
595,Refi,1.278463768,1325.221739
595,Purchase,0.863861646,1198.215
595,Refi,1.28369484,1325.221739
595,Refi,1.320199167,1221.1915
595,Refi,1.021330481,1134.7
596,Refi,1.214774286,1325.221739
596,Refi,0.998679637,1531.025
596,Refi,0.862928313,961.2766667
596,Refi,1.107376299,1134.7
596,Refi,1.133150142,1012.029167
596,Purchase,0.515921654,785.2
596,Refi,1.550318182,1226.83
596,Refi,1.38975,1221.1915
596,Refi,1.107530348,1134.7
596,Refi,1.520433333,1226.83
596,Refi,0.888545854,961.2766667
596,Refi,0.891900494,961.2766667
597,Refi,1.357556291,1221.1915
597,Purchase,1.047542459,1001.716
597,Refi,1.152841226,1012.029167
597,Refi,1.434081605,1292.335
597,Refi,1.175658687,1012.029167
597,Refi,1.137629834,1012.029167
597,Purchase,1.179768511,1944.425714
597,Purchase,1.305415195,2488.945
597,Purchase,1.022975059,1001.716
597,Refi,1.378205471,1221.1915
597,Purchase,1.115303413,1944.425714
597,Purchase,0.919115651,1654.738571
597,Purchase,1.238094326,2488.945
597,Purchase,0.940015209,1654.738571
598,Purchase,1.214372608,2488.945
598,Purchase,1.167572021,1944.425714
598,Refi,0.961482091,1531.025
598,Purchase,1.025126844,1001.716
598,Refi,1.125611326,1012.029167
598,Refi,0.952794402,1531.025
598,Refi,0.799603113,1050.055
598,Purchase,0.970511141,1654.738571
599,Refi,1.339952063,1221.1915
599,Refi,0.914669222,1531.025
599,Refi,1.148167598,1012.029167
599,Refi,1.172790744,1012.029167
599,Refi,1.339666667,1221.1915
599,Refi,1.223738868,1325.221739
599,Refi,1.246705018,1325.221739
599,Refi,1.266518387,1325.221739
599,Purchase,0.9282,1654.738571
599,Refi,1.281987718,1325.221739
599,Purchase,0.954100097,1654.738571
599,Refi,1.291329483,1325.221739
599,Refi,0.742556902,1050.055
600,Purchase,1.198142268,1944.425714
600,Refi,1.258907563,1325.221739
600,Refi,1.427941176,1292.335
600,Purchase,1.514453258,2134.6
600,Purchase,1.123559152,1944.425714
600,Purchase,1.509217877,1369.13
600,Refi,1.184798851,1012.029167
600,Refi,1.331796117,1221.1915
601,Refi,1.283330556,1254.944545
601,Refi,1.414803113,1402.782
601,Refi,1.064403769,1100.109375
601,Refi,1.042400943,1100.109375
601,Purchase,1.099130194,2349.566
601,Refi,1.373522523,1332.052353
601,Refi,1.03290367,1100.109375
601,Purchase,1.266271483,2030.324
601,Purchase,1.105277796,2349.566
601,Refi,0.985641169,931.798
602,Refi,1.439560648,1402.782
602,Refi,0.847209464,888.61
602,Refi,1.25478449,1254.944545
602,Purchase,1.152545532,1836.214286
602,Refi,1.401446384,1332.052353
602,Refi,1.493744828,1402.782
602,Refi,1.206642763,1449.41
602,Refi,1.427711647,1402.782
602,Refi,1.373142043,1332.052353
602,Refi,1.110953675,1449.41
602,Refi,1.125222331,1449.41
602,Refi,1.353826598,1332.052353
602,Refi,1.293069637,1254.944545
603,Refi,1.214426774,1254.944545
603,Refi,1.355436212,1332.052353
603,Purchase,1.214060743,2030.324
603,Refi,1.134050806,1449.41
603,Refi,1.259281404,1254.944545
603,Refi,1.340920724,1332.052353
603,Purchase,1.175156731,1836.214286
603,Refi,1.171456354,1449.41
604,Refi,1.297977612,1254.944545
604,Refi,1.344311823,1332.052353
604,Purchase,1.261303797,2030.324
604,Purchase,1.297771429,2030.324
604,Purchase,1.436724694,2014.88
604,Refi,0.970064262,931.798
604,Refi,1.194503817,1449.41
605,Refi,1.060364878,1100.109375
605,Refi,1.315321442,1332.052353
605,Refi,1.174068787,1449.41
605,Refi,1.03941896,1100.109375
605,Refi,1.398240803,1332.052353
605,Purchase,1.118718663,1836.214286
605,Refi,1.121634711,1449.41
605,Refi,1.06714032,1100.109375
605,Refi,1.173243314,1449.41
605,Refi,1.02542134,1100.109375
605,Refi,0.994217096,931.798
605,Refi,1.059653743,1100.109375
605,Refi,1.036118361,1100.109375
605,Refi,0.935716935,931.798
605,Refi,1.304679365,1254.944545
606,Purchase,1.059658058,2349.566
606,Refi,1.053898627,1100.109375
606,Refi,1.518890874,1870
606,Refi,1.13027449,1449.41
606,Refi,1.4,1332.052353
606,Refi,0.709711744,548.3
606,Refi,1.104703424,1100.109375
606,Refi,1.317834197,1332.052353
606,Refi,1.329423602,1332.052353
606,Refi,1.438882412,1402.782
607,Refi,0.95420832,931.798
607,Refi,1.091216613,1100.109375
607,Refi,1.143929468,1449.41
607,Purchase,1.210608955,2030.324
607,Refi,1.34759744,1332.052353
607,Refi,1.191719535,1449.41
608,Purchase,0.931190647,1545.685
608,Purchase,1.200684755,1836.214286
608,Refi,1.069350788,1100.109375
608,Refi,1.037424974,1100.109375
608,Purchase,1.094896306,2349.566
608,Refi,1.294209445,1254.944545
608,Refi,1.193623093,1449.41
608,Purchase,1.202125676,1836.214286
608,Refi,1.331565031,1332.052353
608,Purchase,1.154589799,1836.214286
609,Refi,1.108973044,1100.109375
609,Refi,1.284168794,1254.944545
609,Refi,1.376370337,1332.052353
609,Refi,1.30899808,1254.944545
609,Refi,1.6,1870
609,Refi,1.155959531,1449.41
609,Refi,1.266502726,1254.944545
609,Refi,1.18938012,1449.41
609,Purchase,0.947478585,1545.685
609,Refi,1.333694915,1332.052353
609,Purchase,1.392913793,903.97
609,Purchase,0.956814639,1545.685
609,Refi,1.352283204,1332.052353
610,Refi,1.024481375,1100.109375
610,Purchase,1.036324378,2349.566
610,Refi,0.864252507,888.61
610,Purchase,0.691296923,1703.41
610,Refi,1.179838462,1449.41
610,Purchase,1.1794704,1836.214286
610,Refi,1.120860274,1449.41
610,Refi,1.146856104,1449.41
610,Purchase,0.951504925,1545.685
611,Purchase,1.242226929,1952.977143
611,Refi,1.329527485,1251.7625
611,Refi,1.204068712,1209.29
611,Refi,0.852455459,743.77
611,Purchase,1.134194872,2292.538
611,Refi,1.314933889,1251.7625
611,Refi,1.352455304,1251.7625
611,Refi,1.143896471,1209.29
611,Purchase,1.12664,2292.538
611,Refi,1.129822542,1209.29
611,Refi,1.507070707,1566.333
611,Refi,1.144821264,1209.29
611,Refi,1.422688177,1566.333
611,Purchase,1.216043357,1952.977143
611,Refi,1.4,1251.7625
611,Purchase,1.052212639,1312.543333
612,Refi,1.384287395,1251.7625
612,Refi,1.442584404,1566.333
612,Refi,1.156322179,1209.29
612,Refi,1.298248584,1348.66375
612,Refi,1.007681273,1527.1
612,Refi,1.490432,1566.333
612,Refi,1.056776417,1446.5025
612,Purchase,1.057090204,1312.543333
612,Refi,1.454260708,1566.333
612,Purchase,1.006082474,1153.232
612,Refi,1.366187143,1251.7625
612,Refi,1.48541963,1566.333
612,Purchase,1.000626907,1153.232
612,Purchase,1.065422733,1312.543333
612,Purchase,1.134449123,2292.538
612,Refi,1.435530141,1566.333
612,Refi,1.042840816,1446.5025
612,Refi,1.127021891,1209.29
612,Refi,1.08888121,1446.5025
613,Refi,1.283033289,1348.66375
613,Refi,0.913245878,1527.1
613,Refi,1.190319298,1209.29
613,Refi,0.474029032,666.37
614,Refi,0.963557794,1527.1
614,Refi,1.251765043,1348.66375
614,Purchase,1.084150909,1312.543333
614,Purchase,0.952329019,1153.232
614,Refi,1.373851803,1251.7625
614,Purchase,1.097637984,1312.543333
614,Purchase,0.906616495,1063.601667
614,Purchase,0.783606679,1056.366667
614,Purchase,1.041768271,1312.543333
615,Purchase,0.848387879,1063.601667
615,Refi,1.197144538,1209.29
615,Refi,1.397380255,1251.7625
615,Refi,1.222888176,1348.66375
615,Purchase,1.411442308,2490.39
615,Refi,1.152679749,1209.29
615,Refi,0.899695128,743.77
616,Purchase,0.904991216,1063.601667
616,Refi,1.373836786,1251.7625
616,Purchase,1.161026738,2292.538
616,Refi,1.287751938,1348.66375
616,Refi,1.184697378,1209.29
616,Refi,1.176398606,1209.29
616,Purchase,1.244677419,1952.977143
616,Refi,1.29743907,1348.66375
616,Refi,1.421258228,1566.333
616,Refi,1.390376344,1251.7625
616,Refi,1.144950212,1209.29
616,Refi,1.749442857,513.32
616,Refi,1.217262248,1348.66375
616,Purchase,1.157364486,2292.538
616,Purchase,1.066357775,1312.543333
616,Purchase,1.088074255,1312.543333
617,Purchase,0.848718261,1063.601667
617,Purchase,0.739991241,1056.366667
617,Purchase,1.081673714,1312.543333
617,Refi,1.42399841,1566.333
617,Refi,1.27046087,1348.66375
617,Refi,1.421621622,1566.333
617,Purchase,0.762903349,1056.366667
617,Refi,1.234128119,1348.66375
617,Refi,1.290378485,1348.66375
617,Refi,0.67816177,1730.06
617,Refi,1.173211546,1209.29
618,Refi,1.263873147,1348.66375
618,Purchase,1.042926848,1312.543333
618,Purchase,1.397262745,280.59
618,Purchase,0.651465798,524
618,Refi,1.2417,1348.66375
618,Refi,1.237151549,1348.66375
618,Purchase,1.291360208,1952.977143
618,Purchase,1.275176563,1952.977143
618,Purchase,0.880253409,1063.601667
618,Refi,0.962738355,1527.1
619,Purchase,0.497512438,465.64
619,Refi,1.346913808,1251.7625
619,Purchase,1.039927461,1312.543333
619,Purchase,0.935576015,1153.232
619,Refi,1.30384911,1348.66375
619,Refi,1.593130298,1766.79
619,Purchase,0.361856655,516.39
619,Refi,1.046915888,1446.5025
619,Refi,0.970098571,1527.1
619,Purchase,1.076398174,1312.543333
620,Refi,1.312598883,1251.7625
620,Refi,1.261953488,1348.66375
620,Purchase,0.860003724,1063.601667
620,Purchase,0.973258383,1153.232
620,Refi,1.268480899,1348.66375
620,Refi,1.175193979,1209.29
620,Purchase,1.247477895,1952.977143
620,Refi,1.53429927,1766.79
620,Refi,0.592929782,605.1
620,Purchase,1.229034437,1952.977143
621,Refi,1.406107216,1268.8276
621,Refi,0.891586175,1172.685
621,Refi,1.452607947,1533.145455
621,Purchase,1.274700337,2043.161667
621,Refi,1.145504848,1265.74
621,Refi,1.486246729,1533.145455
621,Refi,1.196281301,1265.74
621,Refi,1.045006959,1095.785556
621,Refi,1.177850299,1265.74
621,Refi,1.29576826,1299.340952
621,Refi,1.290666033,1299.340952
621,Refi,1.312384615,1268.8276
621,Purchase,1.409349485,2412.316
622,Refi,1.201248705,1265.74
622,Refi,1.407811255,1268.8276
622,Refi,1.100142529,1095.785556
622,Refi,1.294364592,1299.340952
622,Refi,1.485475,1533.145455
622,Refi,1.47,1533.145455
622,Purchase,1.049896592,1477.871429
622,Refi,1.278338922,1299.340952
622,Refi,1.238691032,1299.340952
622,Refi,1.021691241,1095.785556
622,Refi,1.276225979,1299.340952
622,Purchase,1.187904147,1794.74125
622,Refi,1.310883582,1268.8276
622,Refi,1.346641333,1268.8276
622,Refi,1.402937587,1268.8276
622,Refi,1.44056692,1533.145455
622,Refi,1.045876446,1095.785556
622,Purchase,1.303953575,2043.161667
623,Refi,1.059948603,1095.785556
623,Purchase,1.093694635,1477.871429
623,Refi,1.409451501,1268.8276
623,Refi,1.304665811,1299.340952
623,Refi,1.398960483,1268.8276
623,Refi,1.357201533,1268.8276
623,Purchase,1.244780995,2043.161667
623,Purchase,1.156863132,1794.74125
623,Refi,0.829991545,1172.685
623,Purchase,0.821126984,1601.966667
624,Purchase,1.036158917,1477.871429
624,Refi,1.226674302,1299.340952
624,Refi,1.406272222,1268.8276
624,Refi,1.175745744,1265.74
624,Refi,0.464714715,492.45
624,Refi,1.291158685,1299.340952
624,Purchase,0.915923183,1120.573333
624,Purchase,1.366119167,2412.316
624,Purchase,1.185018667,1794.74125
624,Purchase,1.366970044,2412.316
624,Refi,1.427619568,1533.145455
624,Refi,1.385954084,1268.8276
624,Refi,1.332226752,1268.8276
624,Refi,1.062706077,1095.785556
624,Refi,1.345120715,1268.8276
625,Refi,1.167044136,1265.74
625,Purchase,0.897780707,1601.966667
625,Refi,1.193458294,1265.74
625,Refi,1.231382039,1299.340952
625,Purchase,1.25197549,2043.161667
625,Refi,1.261779028,1299.340952
625,Refi,1.049413149,1095.785556
625,Refi,1.282020431,1299.340952
625,Refi,0.993483158,815.8066667
625,Purchase,0.880508451,1601.966667
625,Purchase,1.366297143,2412.316
625,Purchase,1.144702247,1794.74125
625,Refi,1.439678261,1533.145455
625,Refi,1.160264471,1265.74
625,Purchase,1.129928163,1794.74125
626,Refi,1.169635386,1265.74
626,Refi,1.111831953,1265.74
626,Refi,1.132445283,1265.74
626,Refi,1.350431779,1268.8276
626,Refi,1.325794409,1268.8276
626,Purchase,1.567729754,2196.19
626,Purchase,1.154142092,1794.74125
626,Purchase,1.259792442,2043.161667
626,Refi,0.985731526,815.8066667
626,Refi,1.4,1268.8276
626,Refi,1.503956863,1533.145455
626,Refi,1.27236396,1299.340952
627,Refi,1.379319171,1268.8276
627,Purchase,1.236602899,2043.161667
627,Purchase,1.023854005,1477.871429
627,Purchase,0.733746185,890.02
627,Refi,1.190263872,1265.74
627,Purchase,1.176347475,1794.74125
627,Purchase,1.019154321,1477.871429
627,Refi,1.116633731,1265.74
627,Refi,1.276553563,1299.340952
627,Refi,1.264748115,1299.340952
627,Refi,1.423721212,1533.145455
627,Refi,0.717866932,1806.64
628,Refi,1.358791886,1268.8276
628,Purchase,0.989696835,1120.573333
628,Refi,1.290549136,1299.340952
628,Refi,0.991615851,815.8066667
628,Purchase,0.951477209,1120.573333
628,Refi,1.217640845,1299.340952
628,Refi,1.385215176,1268.8276
628,Refi,0.978462349,815.8066667
628,Purchase,0.468087056,576.74
628,Refi,1.243994444,1299.340952
628,Refi,1.347509554,1268.8276
628,Refi,1.320390769,1268.8276
629,Refi,1.409214742,1268.8276
629,Refi,1.166320422,1265.74
629,Refi,1.460641551,1533.145455
629,Refi,0.992277095,815.8066667
629,Refi,1.286947088,1299.340952
629,Purchase,1.13002517,1794.74125
629,Refi,0.94816872,815.8066667
629,Refi,1.070717875,1095.785556
630,Refi,1.360601936,1268.8276
630,Refi,1.100962014,1095.785556
630,Refi,1.281345055,1299.340952
630,Refi,1.342610338,1268.8276
630,Purchase,1.338123128,2412.316
630,Purchase,0.72635443,890.02
630,Purchase,1.01470989,1477.871429
630,Refi,1.36606416,1268.8276
630,Purchase,1.104525714,1477.871429
630,Refi,1.212716574,1299.340952
630,Refi,1.446481625,1533.145455
631,Purchase,0.95798842,854.417
631,Refi,1.189946599,1232.902105
631,Refi,1.205865586,1232.902105
631,Refi,1.47,1181.214286
631,Refi,1.122163265,1232.902105
631,Refi,1.394250407,1167.632222
631,Refi,1.34709071,1167.632222
631,Refi,1.055642705,929.11
631,Refi,1.371375636,1167.632222
631,Refi,1.409180786,1167.632222
631,Refi,1.145896216,1232.902105
631,Purchase,1.150145534,2358.24
631,Refi,1.364929524,1167.632222
632,Refi,1.251532919,1366.49
632,Refi,0.911243388,1264.168
632,Refi,1.293632778,1366.49
632,Refi,1.178758177,1232.902105
632,Refi,1.177580685,1232.902105
632,Refi,1.369739552,1167.632222
632,Purchase,1.050269366,1071.175455
632,Refi,1.094624521,929.11
632,Refi,1.179653846,1232.902105
632,Refi,1.162735547,1232.902105
632,Purchase,0.553705964,1313.315
632,Refi,0.881004665,1466.37
632,Purchase,1.207114591,2358.24
632,Purchase,0.513100346,1313.315
632,Refi,1.437680834,1181.214286
633,Purchase,1.047311765,1071.175455
633,Purchase,1.220688383,1933.145714
633,Purchase,0.458072,608.33
633,Refi,1.179995859,1232.902105
633,Purchase,1.335841742,2050.8775
633,Refi,1.305646329,1366.49
633,Purchase,1.300209424,1933.145714
633,Refi,0.902808108,1466.37
633,Refi,1.263918575,1366.49
633,Purchase,1.079888158,1071.175455
633,Purchase,0.796858504,1528.09
633,Refi,1.1903488,1232.902105
634,Refi,1.311832391,1167.632222
634,Refi,1.392389071,1167.632222
634,Purchase,1.202605634,2358.24
634,Purchase,1.398937652,2050.8775
634,Purchase,1.275162617,1933.145714
634,Refi,1.263703529,1366.49
634,Purchase,1.153853763,2358.24
634,Refi,1.140135117,1232.902105
634,Refi,1.466547416,1181.214286
635,Refi,0.975541935,1264.168
635,Refi,0.986315912,1264.168
635,Refi,1.310430851,1167.632222
635,Refi,1.16636861,1232.902105
635,Purchase,1.101985185,1071.175455
635,Refi,0.962668174,1264.168
635,Purchase,1.133894884,2358.24
635,Refi,1.271301558,1366.49
635,Refi,1.302918455,1366.49
635,Purchase,1.044843584,1071.175455
635,Purchase,0.977897854,854.417
635,Refi,1.333400849,1167.632222
635,Purchase,1.008833818,854.417
635,Refi,1.164835714,1232.902105
635,Refi,1.060689408,929.11
636,Refi,1.40886431,1167.632222
636,Refi,1.333213216,1167.632222
636,Purchase,1.050749171,1071.175455
636,Purchase,0.913361111,854.417
636,Refi,0.960629014,1264.168
636,Purchase,1.102961983,1071.175455
636,Purchase,1.198616316,2358.24
637,Refi,1.457482813,1181.214286
637,Refi,1.455541562,1181.214286
637,Purchase,0.972050704,854.417
637,Refi,1.179223824,1232.902105
637,Refi,1.114595804,1232.902105
637,Purchase,0.745507347,1528.09
637,Purchase,1.077985507,1071.175455
637,Purchase,1.131683284,2358.24
637,Refi,1.151699659,1232.902105
638,Refi,1.270959742,1366.49
638,Purchase,1.197509877,2358.24
638,Purchase,1.340223714,2050.8775
638,Refi,1.389878919,1167.632222
638,Purchase,1.062713278,1071.175455
638,Refi,1.011345455,929.11
638,Purchase,1.232420339,1933.145714
638,Purchase,1.388843421,2050.8775
638,Purchase,0.825145622,522.82
638,Refi,1.112248175,1232.902105
638,Refi,1.466612317,1181.214286
638,Purchase,0.947355763,854.417
638,Refi,1.271059919,1366.49
639,Purchase,1.034559889,1071.175455
639,Purchase,1.260114587,1933.145714
639,Purchase,0.960085246,854.417
639,Refi,1.039928713,929.11
639,Refi,0.887586191,1466.37
639,Refi,1.265155443,1366.49
639,Refi,1.223634951,1366.49
639,Purchase,1.209648413,2358.24
639,Refi,1.376391011,1167.632222
639,Purchase,0.931022222,854.417
639,Refi,1.342737815,1167.632222
639,Refi,1.153322361,1232.902105
639,Refi,1.343244055,1167.632222
639,Refi,1.268163955,1366.49
639,Purchase,1.514889362,2721.84
639,Purchase,1.254987368,1933.145714
639,Refi,1.253564146,1366.49
640,Purchase,1.223629425,1933.145714
640,Refi,1.200731773,1232.902105
640,Purchase,0.987883735,854.417
640,Purchase,1.143497389,2358.24
640,Refi,1.363678495,1167.632222
640,Purchase,0.929611533,854.417
640,Refi,1.334181065,1167.632222
640,Refi,1.222151515,1366.49
640,Purchase,1.116950538,2358.24
640,Purchase,0.803043664,1528.09
640,Purchase,1.087956098,1071.175455
640,Refi,1.423832483,1181.214286
640,Purchase,0.734384633,1528.09
640,Refi,1.574354808,1200.4
641,Refi,1.430941802,1330.467778
641,Refi,1.312109136,1346.095625
641,Purchase,1.199503263,1603.016667
641,Refi,0.960126246,1572.54
641,Refi,1.574034177,1026.045
641,Refi,1.178207715,1352.081538
641,Refi,1.263426367,1431.726667
641,Purchase,1.394523383,1294.93
641,Purchase,1.105268,1547.185
642,Purchase,1.210229692,1404.891429
642,Purchase,1.02234676,1547.185
642,Purchase,0.823769697,606.8725
642,Purchase,1.19337732,1603.016667
642,Refi,1.220406962,1431.726667
642,Purchase,1.242051661,1404.891429
642,Purchase,1.097833656,1547.185
642,Refi,0.823705644,986.76
642,Refi,1.247409982,1431.726667
642,Refi,1.317117904,1346.095625
642,Refi,1.044880072,1145.167143
642,Refi,1.09376,1145.167143
642,Refi,0.992781612,1572.54
642,Purchase,1.324456129,1294.93
642,Refi,1.314459858,1346.095625
643,Refi,0.959445017,1572.54
643,Purchase,1.300323769,1404.891429
643,Refi,1.234598564,1431.726667
643,Refi,1.259835583,1431.726667
643,Purchase,1.291897119,1404.891429
643,Refi,1.516193878,1026.045
643,Purchase,1.338612579,1294.93
643,Refi,1.325997778,1346.095625
643,Purchase,1.103976132,1547.185
643,Refi,1.488088643,1330.467778
643,Refi,1.374849817,1346.095625
644,Refi,1.327909091,1346.095625
644,Purchase,1.044300626,1547.185
644,Refi,1.292839189,1431.726667
644,Purchase,0.983947612,1204.57625
644,Refi,1.464376355,1330.467778
644,Refi,0.869627119,986.76
644,Refi,1.397445833,1346.095625
644,Refi,1.316149268,1346.095625
644,Refi,1.11707907,1352.081538
644,Purchase,1.090598639,1547.185
644,Purchase,1.141337218,1603.016667
644,Purchase,1.004588889,1204.57625
644,Refi,1.335996226,1346.095625
644,Refi,1.171834776,1352.081538
644,Refi,1.240402609,1431.726667
644,Refi,1.271254444,1431.726667
644,Refi,0.976267073,1572.54
644,Refi,1.430714451,1330.467778
644,Purchase,1.196008677,1603.016667
644,Refi,1.290438839,1431.726667
645,Refi,0.85565,986.76
645,Refi,1.355772792,1346.095625
645,Refi,1.350810127,1346.095625
645,Refi,1.387443796,1346.095625
645,Refi,1.104053152,1145.167143
645,Purchase,1.015362832,1547.185
645,Purchase,0.877481081,606.8725
645,Refi,1.164921379,1352.081538
645,Refi,1.252865107,1431.726667
645,Purchase,1.140028478,1603.016667
645,Purchase,1.019139373,1547.185
645,Refi,1.34396501,1346.095625
645,Refi,1.495221087,1330.467778
646,Purchase,0.825403297,606.8725
646,Purchase,0.911636443,1204.57625
646,Refi,1.277386283,1431.726667
646,Purchase,1.114769796,1603.016667
646,Refi,1.446764706,1330.467778
646,Refi,1.145958643,1352.081538
646,Refi,1.304816856,1431.726667
646,Refi,0.967522677,1572.54
647,Refi,1.267713981,1431.726667
647,Refi,1.169465015,1352.081538
647,Refi,1.15099008,1352.081538
647,Refi,1.128231845,1352.081538
647,Purchase,0.929659929,1204.57625
647,Refi,1.146314591,1352.081538
647,Refi,0.997195883,1572.54
647,Refi,1.321185325,1346.095625
647,Refi,1.247370811,1431.726667
647,Refi,1.423565579,1330.467778
647,Refi,1.083549645,1145.167143
648,Refi,1.041378523,1145.167143
648,Refi,1.387268347,1346.095625
648,Purchase,1.237032012,1404.891429
648,Purchase,1.107783529,1547.185
648,Refi,1.252140426,1431.726667
648,Refi,1.032837377,1145.167143
648,Refi,0.975019585,1572.54
648,Refi,1.246893869,1431.726667
648,Refi,1.172265625,1352.081538
649,Refi,1.37374128,1346.095625
649,Purchase,0.920230753,1204.57625
649,Refi,1.282246038,1431.726667
649,Purchase,0.991611111,1204.57625
649,Refi,0.976795105,1572.54
649,Refi,1.174346816,1352.081538
649,Refi,1.110841379,1352.081538
649,Refi,1.24094897,1431.726667
649,Purchase,0.944464516,1204.57625
649,Refi,1.256363719,1431.726667
649,Refi,1.4591179,1330.467778
649,Purchase,0.810143541,606.8725
649,Refi,1.453407557,1330.467778
650,Refi,1.080749354,1145.167143
650,Refi,1.241501404,1431.726667
650,Purchase,0.719875339,1265.42
650,Purchase,0.961299688,1204.57625
650,Purchase,1.437395506,899
650,Purchase,0.408935455,1150.91
650,Purchase,1.211721663,1404.891429
650,Purchase,1.053176768,1547.185
650,Refi,1.268616306,1431.726667
650,Purchase,1.246865814,1404.891429
650,Refi,1.188003288,1352.081538
651,Refi,1.267336111,1310.436667
651,Purchase,1.298777324,1552.718
651,Purchase,1.50109145,1489.253333
651,Refi,1.167136673,1132.121818
651,Refi,1.258518443,1310.436667
651,Refi,1.365528878,1317.904667
651,Refi,1.226099802,1310.436667
651,Purchase,1.115006316,1978.716
651,Purchase,1.396977778,1312.035
651,Purchase,0.978056125,1166.282
651,Purchase,1.009462069,1166.282
651,Refi,0.594752275,732.05
651,Refi,1.340274956,1317.904667
651,Purchase,1.41100813,1489.253333
651,Refi,1.278711026,1310.436667
651,Refi,0.757167454,1752.54
652,Refi,1.363228096,1317.904667
652,Refi,1.354064748,1317.904667
652,Refi,0.930396296,1316.4725
652,Refi,1.231282574,1310.436667
652,Refi,1.412819527,1061.8875
652,Refi,1.339827129,1317.904667
652,Refi,1.183625907,1132.121818
652,Purchase,1.075013793,132.7225
652,Refi,1.073516632,1667.695
652,Refi,1.111431967,1132.121818
652,Refi,1.411500599,1061.8875
652,Refi,1.278443129,1310.436667
653,Refi,1.434830508,1061.8875
653,Purchase,1.11520338,1978.716
653,Purchase,1.221802935,1552.718
653,Refi,1.479241837,1061.8875
653,Purchase,1.188608026,1978.716
653,Purchase,1.267512253,1552.718
653,Refi,1.169884823,1132.121818
653,Refi,1.429584466,1061.8875
654,Refi,1.277289788,1310.436667
654,Purchase,1.173071945,1978.716
654,Purchase,0.855704658,1057.31
654,Refi,1.449902273,1061.8875
654,Refi,1.372087648,1317.904667
654,Refi,0.874737235,856.03
654,Refi,0.971327027,1316.4725
654,Purchase,0.989814137,1166.282
654,Refi,0.927505536,1316.4725
654,Purchase,1.186719835,1978.716
654,Refi,1.12393713,1132.121818
654,Refi,1.214824595,1310.436667
654,Purchase,1.026013926,132.7225
654,Purchase,0.854103004,1057.31
655,Refi,1.347376552,1317.904667
655,Refi,1.533147253,1216.91
655,Purchase,1.035411659,132.7225
655,Purchase,1.084269975,132.7225
655,Purchase,0.953809808,1166.282
655,Refi,0.960530363,1316.4725
655,Refi,1.232968,1310.436667
655,Purchase,1.165930243,1978.716
655,Refi,1.458259843,1061.8875
655,Refi,1.218467606,1310.436667
655,Refi,0.971776332,1316.4725
655,Refi,1.337641189,1317.904667
656,Refi,0.959984113,1316.4725
656,Refi,1.342024707,1317.904667
656,Purchase,1.027995628,132.7225
656,Refi,1.336256881,1317.904667
656,Purchase,1.102619565,132.7225
656,Refi,1.794221965,2384.6
656,Purchase,1.166711276,1978.716
656,Refi,1.192361905,1132.121818
656,Refi,1.304146901,1310.436667
656,Refi,1.265447385,1310.436667
656,Refi,1.194149495,1132.121818
656,Refi,1.322372107,1317.904667
657,Refi,0.864891014,856.03
657,Refi,0.960233473,1316.4725
657,Purchase,1.26976368,1552.718
657,Purchase,1.16283187,1978.716
657,Refi,1.395654,1317.904667
657,Purchase,0.802387962,1622.57
657,Refi,1.183960578,1132.121818
657,Refi,1.289720291,1310.436667
657,Refi,1.114927979,1132.121818
658,Purchase,1.073102258,132.7225
658,Refi,1.099454472,1667.695
658,Purchase,1.178929231,1978.716
658,Refi,1.425292698,1061.8875
658,Purchase,0.908959436,1057.31
658,Refi,0.848556115,856.03
658,Refi,1.449921507,1061.8875
658,Purchase,1.246726298,1552.718
658,Refi,1.475014444,1061.8875
658,Refi,1.100784601,1667.695
658,Refi,1.287029808,1310.436667
659,Refi,1.20950269,1132.121818
659,Purchase,0.990922543,1166.282
659,Refi,1.405365536,1317.904667
659,Refi,1.315385567,1317.904667
659,Refi,1.345134537,1317.904667
659,Refi,1.264061899,1310.436667
660,Refi,0.916316456,1316.4725
660,Purchase,0.737834211,1622.57
660,Refi,1.165316388,1132.121818
660,Refi,1.481398142,1061.8875
660,Purchase,0.758789091,1622.57
660,Purchase,1.06432019,132.7225
660,Refi,1.442226972,1061.8875
660,Purchase,1.502379097,1489.253333
660,Purchase,1.312388501,1312.035
660,Purchase,1.188903226,1978.716
660,Refi,1.013723425,1667.695
661,Refi,1.143014041,1321.031667
661,Purchase,1.311783251,1659.158
661,Purchase,0.939607143,792.19375
661,Refi,0.921196241,783.2633333
661,Purchase,1.167451641,2038.761667
661,Refi,0.783623757,2211.87
661,Refi,1.241679913,1289.914286
662,Refi,1.364448433,1348.755
662,Purchase,1.049123457,1876.784444
662,Refi,0.831334054,1043.676667
662,Refi,1.82572,481.57
662,Purchase,1.108870426,1876.784444
662,Refi,1.261594719,1289.914286
662,Purchase,1.368212821,1659.158
662,Purchase,1.033047742,1876.784444
662,Purchase,0.513210112,594.78
662,Refi,1.374203796,1348.755
662,Purchase,1.249680297,2654.4125
662,Refi,1.584762212,1286.16
662,Purchase,0.476888889,2463.72
662,Refi,1.176049187,1321.031667
662,Purchase,1.120869735,2038.761667
663,Refi,1.354880964,1348.755
663,Refi,0.829055452,1043.676667
663,Refi,1.308903896,1289.914286
663,Purchase,1.417558887,1366.165
663,Purchase,1.077703967,1876.784444
663,Purchase,1.073760504,1876.784444
663,Refi,1.038616718,1161.15375
663,Purchase,1.310004959,1659.158
663,Refi,1.47293578,1492.738571
664,Refi,1.440956677,1492.738571
664,Refi,1.126984089,1321.031667
664,Refi,1.21590026,1289.914286
664,Purchase,0.953469779,792.19375
664,Purchase,1.261543174,2654.4125
665,Refi,1.447152216,1492.738571
665,Purchase,1.372841131,1659.158
665,Refi,1.051246018,1161.15375
665,Refi,1.123811343,1321.031667
665,Refi,1.544572954,1286.16
665,Refi,0.870078049,1043.676667
665,Purchase,1.419778144,1366.165
665,Purchase,1.19645832,2038.761667
665,Purchase,0.884037657,921.9633333
665,Refi,1.095942387,1161.15375
665,Refi,1.434048411,1492.738571
665,Purchase,0.839937459,921.9633333
665,Purchase,0.994091503,792.19375
665,Purchase,0.96195186,792.19375
665,Purchase,1.015341692,1876.784444
665,Refi,1.023528571,1161.15375
666,Refi,0.965973397,783.2633333
666,Purchase,0.823718612,921.9633333
666,Purchase,1.351749831,1659.158
666,Refi,1.030471661,1161.15375
666,Purchase,1.156218623,2038.761667
666,Refi,1.336670804,1348.755
666,Refi,1.578670036,1286.16
666,Refi,1.265200472,1289.914286
667,Refi,1.197238814,1321.031667
667,Refi,1.038070928,1161.15375
667,Purchase,1.3056848,2654.4125
667,Purchase,1.15236615,2038.761667
667,Refi,1.084596759,1161.15375
667,Refi,1.235199156,1289.914286
667,Purchase,0.708166134,793.45
667,Purchase,1.050251672,1876.784444
668,Refi,1.424045791,1492.738571
668,Purchase,1.168870523,2038.761667
668,Refi,0.963075325,783.2633333
668,Purchase,0.994488471,792.19375
668,Purchase,0.985824,792.19375
668,Refi,1.079196873,1161.15375
669,Refi,1.49114749,1492.738571
669,Refi,1.172232548,1321.031667
669,Refi,1.292838974,1289.914286
669,Refi,1.435927321,1492.738571
669,Purchase,0.972741388,792.19375
670,Purchase,0.732279612,638.41
670,Purchase,1.225583917,2654.4125
670,Purchase,1.034,1876.784444
670,Purchase,0.668156109,793.45
670,Purchase,0.962007782,792.19375
670,Purchase,1.067019469,1876.784444
671,Purchase,1.412034851,2230.806667
671,Purchase,1.028948498,1279.27875
671,Purchase,1.410468303,2230.806667
671,Purchase,0.943325153,1015.989
671,Refi,1.21163062,1357.963636
671,Purchase,1.113889559,1943.774167
671,Refi,1.198897742,1015.689091
671,Refi,1.304053818,1357.963636
671,Refi,1.455182609,1551.666
671,Purchase,1.5285959,1378.093333
672,Refi,1.308030189,1357.963636
672,Refi,1.25286176,1357.963636
672,Refi,1.251653237,1357.963636
672,Refi,1.15258673,1015.689091
672,Purchase,1.030282407,1279.27875
672,Refi,1.405269081,1429.986
672,Purchase,1.208193435,1943.774167
672,Refi,1.333796923,1429.986
672,Refi,0.962167089,616.0666667
672,Purchase,0.90385974,1171.46
672,Purchase,1.153617582,1943.774167
673,Refi,1.475821229,1551.666
673,Refi,1.471754676,1551.666
673,Refi,0.705967687,719.04
673,Purchase,1.213162861,2095.9125
673,Purchase,1.335882759,1932.73625
673,Purchase,1.199823697,1943.774167
673,Refi,1.392983595,1429.986
673,Refi,1.336723537,1429.986
673,Purchase,1.30593507,2095.9125
674,Purchase,1.548935968,1378.093333
674,Purchase,1.196049921,1943.774167
674,Purchase,1.03526729,1279.27875
674,Refi,1.027645754,1612.63
674,Purchase,0.855389787,1171.46
674,Purchase,0.914955128,1015.989
674,Purchase,0.913596825,1015.989
674,Purchase,0.845705072,1171.46
674,Refi,1.186075067,1015.689091
675,Refi,1.263190106,1357.963636
675,Refi,1.265281003,1357.963636
675,Purchase,1.019476208,1279.27875
675,Purchase,1.102990991,1279.27875
675,Purchase,1.3468,1932.73625
675,Purchase,1.394906294,1932.73625
675,Purchase,0.786047761,1196.3075
675,Refi,1.241738215,1357.963636
675,Purchase,0.739781283,1196.3075
675,Purchase,1.138830181,1943.774167
676,Purchase,0.80552,1196.3075
676,Purchase,1.162085567,1943.774167
676,Purchase,1.417818053,2230.806667
676,Refi,1.335519318,1429.986
676,Purchase,1.107030709,1279.27875
676,Purchase,1.005824427,1015.989
676,Purchase,1.370485714,1932.73625
676,Purchase,1.152040981,1943.774167
676,Refi,0.61662419,719.04
677,Purchase,0.966820084,1015.989
677,Refi,1.132709787,1015.689091
677,Refi,1.379516216,1429.986
677,Purchase,1.114650471,1943.774167
677,Refi,1.172627027,1015.689091
677,Refi,0.977480399,616.0666667
677,Refi,0.868712948,1554.2
677,Purchase,1.400250801,1932.73625
677,Refi,1.519291892,1181.44
677,Refi,1.17452678,1015.689091
677,Purchase,1.202074074,1943.774167
677,Purchase,1.246330271,2095.9125
677,Refi,1.326106314,1429.986
677,Refi,1.406626301,1429.986
678,Refi,1.177674858,1015.689091
678,Refi,1.12437847,1015.689091
678,Purchase,0.950048889,1015.989
678,Purchase,0.914943495,1015.989
678,Purchase,1.006277778,1015.989
678,Purchase,1.326654682,1932.73625
678,Purchase,1.576799213,1378.093333
678,Refi,1.283245882,1357.963636
678,Purchase,1.271576429,2095.9125
678,Purchase,1.731192661,2186.58
678,Refi,1.09403992,1612.63
678,Purchase,1.022616797,1279.27875
678,Purchase,1.072560941,1279.27875
678,Purchase,1.122589398,1943.774167
678,Purchase,0.928723054,1015.989
679,Purchase,0.857677547,1171.46
679,Refi,1.410003399,1551.666
679,Refi,1.413221114,1551.666
679,Purchase,1.116094015,1943.774167
679,Purchase,0.767170498,1196.3075
679,Refi,1.172131423,1015.689091
679,Purchase,1.356226918,1932.73625
679,Purchase,1.393874223,1932.73625
679,Refi,0.953592687,616.0666667
679,Refi,1.172941722,1015.689091
680,Purchase,1.00991954,1015.989
680,Refi,1.402059526,1429.986
680,Refi,0.733003476,589
680,Refi,1.383232184,1429.986
680,Refi,1.261410909,1357.963636
680,Refi,1.17332894,1015.689091
680,Refi,1.240055678,1357.963636
680,Refi,1.106076691,1612.63
681,Refi,1.41739854,1272.50625
681,Refi,1.146610056,1377.348333
681,Refi,1.087956127,1443.505
681,Purchase,0.845954259,1295.721667
681,Purchase,1.279417739,1754.808
681,Purchase,1.363601,2162.453333
681,Refi,1.341657793,1394.438333
681,Purchase,1.322569388,2162.453333
681,Purchase,1.21705035,1754.808
681,Purchase,1.197074678,1768.351429
682,Purchase,1.301135294,1754.808
682,Refi,1.437805128,1272.50625
682,Purchase,1.039804896,1293.00375
682,Refi,1.116011067,1377.348333
682,Purchase,1.302633975,1754.808
682,Refi,1.113391864,1377.348333
682,Refi,1.710026459,900.67
682,Purchase,0.748642171,1490.89
682,Refi,1.049661133,1443.505
682,Purchase,1.269118182,1754.808
682,Refi,1.20572381,1377.348333
682,Purchase,1.029975313,1293.00375
683,Purchase,0.973855482,932.5828571
683,Purchase,1.016494603,1293.00375
683,Refi,1.231456881,1628.326667
683,Purchase,0.887478555,1295.721667
683,Purchase,1.140548263,1768.351429
683,Purchase,1.167436522,1768.351429
683,Purchase,1.124413711,1768.351429
683,Refi,1.554840662,2273.22
683,Refi,1.422994872,1272.50625
684,Refi,1.186816525,1377.348333
684,Purchase,1.837656269,1265.57
684,Purchase,1.072950833,1293.00375
684,Refi,1.24946005,1628.326667
684,Purchase,0.509556719,1708.62
684,Refi,0.974294915,943.5433333
684,Purchase,1.122069866,1768.351429
684,Refi,0.956948043,943.5433333
684,Refi,1.342922473,1394.438333
685,Refi,1.332078313,1394.438333
685,Purchase,0.921746606,932.5828571
685,Refi,1.149498012,1377.348333
685,Refi,1.372462992,1394.438333
685,Refi,1.370618225,1394.438333
685,Purchase,1.052698246,1293.00375
685,Purchase,0.619259955,1356.45
685,Purchase,1.582523288,3149.89
685,Purchase,1.356022663,2162.453333
686,Purchase,0.833423708,1295.721667
686,Purchase,1.394697532,2162.453333
686,Purchase,0.96443662,932.5828571
686,Refi,1.460881106,1272.50625
687,Refi,1.1057066,1443.505
687,Refi,1.067104762,1443.505
687,Refi,1.270006939,1628.326667
687,Purchase,0.955014493,932.5828571
687,Purchase,0.568181818,627.51
687,Purchase,1.098016254,1293.00375
687,Purchase,0.900673181,1295.721667
687,Purchase,0.943215639,932.5828571
687,Purchase,1.093239852,1293.00375
687,Refi,1.227362928,1628.326667
687,Purchase,0.737783673,1490.89
688,Refi,0.976894938,943.5433333
688,Purchase,0.688440538,1356.45
688,Purchase,1.032673546,1293.00375
688,Purchase,0.973691332,932.5828571
688,Refi,0.756864092,907.205
688,Refi,1.533428667,2273.22
688,Purchase,0.972649192,932.5828571
689,Purchase,0.635709201,1356.45
689,Refi,1.035463558,1443.505
689,Purchase,1.166698927,1768.351429
689,Refi,1.435102439,1272.50625
689,Refi,1.484012968,1272.50625
689,Purchase,0.884,1295.721667
689,Refi,1.26974359,1628.326667
689,Refi,1.415741353,1272.50625
690,Refi,1.072367372,1443.505
690,Purchase,0.8373312,1295.721667
690,Refi,0.792296878,907.205
690,Purchase,1.347037861,2162.453333
690,Purchase,0.679831698,1356.45
690,Purchase,1.317782912,2162.453333
690,Purchase,1.114889655,1768.351429
690,Refi,1.260118052,1628.326667
690,Purchase,1.474279108,2195.59
690,Refi,1.435707317,1272.50625
690,Refi,1.363840899,1394.438333
691,Refi,1.158870078,1376.918182
691,Refi,0.58969806,552.435
691,Purchase,1.2115,2149.508333
691,Purchase,0.955476793,1238.921429
691,Purchase,0.947053441,1238.921429
691,Refi,1.284498567,1238.372222
691,Refi,1.336052349,1308.961111
691,Purchase,1.18759312,2034.54625
692,Refi,1.200179959,1376.918182
692,Purchase,1.133028681,2034.54625
692,Refi,1.118900283,1376.918182
692,Purchase,1.09832,1542.958889
692,Purchase,1.062298765,1542.958889
692,Refi,1.141657664,1376.918182
692,Refi,1.261842912,1238.372222
692,Purchase,0.864067551,1081.745714
692,Purchase,1.309620222,2149.508333
693,Purchase,1.135054172,2034.54625
693,Purchase,1.080396495,1542.958889
693,Purchase,0.953785064,1238.921429
693,Refi,1.677154362,1243.37
693,Purchase,1.016127571,1542.958889
693,Purchase,0.994004301,1238.921429
693,Purchase,0.860447108,1081.745714
694,Refi,1.150888942,1376.918182
694,Refi,1.169852693,1376.918182
694,Purchase,1.019950404,1542.958889
694,Purchase,1.440839216,2373.95
694,Refi,1.192133926,1376.918182
694,Refi,1.079532725,1398.3
694,Refi,1.033501312,1398.3
694,Refi,1.032260743,1398.3
694,Purchase,1.153302602,2034.54625
694,Refi,1.398054822,1308.961111
695,Purchase,0.837943205,1081.745714
695,Refi,1.35253281,1308.961111
695,Refi,1.458625301,1232.243333
695,Purchase,0.396166189,210.19
695,Purchase,0.850595194,1081.745714
695,Refi,1.205527353,1376.918182
695,Refi,0.504059902,749.18
695,Purchase,1.360246869,3185.71
696,Refi,1.08903082,1398.3
696,Purchase,1.217050505,2149.508333
696,Purchase,0.958546868,1238.921429
696,Purchase,1.258673401,2149.508333
696,Purchase,1.478129151,2373.95
696,Refi,1.40087549,1308.961111
696,Purchase,1.06466525,1542.958889
696,Purchase,0.629289888,858.4
696,Purchase,1.146655709,2034.54625
696,Refi,1.43057351,1232.243333
696,Refi,1.290249361,1238.372222
696,Purchase,0.967187129,1238.921429
696,Refi,1.14773121,1376.918182
696,Refi,1.237051307,1238.372222
696,Refi,1.323070186,1308.961111
697,Purchase,0.952658659,1238.921429
697,Refi,1.152271649,1376.918182
697,Refi,1.447295152,1232.243333
697,Purchase,0.709541528,858.4
697,Purchase,0.889574638,1081.745714
697,Purchase,1.109756098,1542.958889
697,Refi,1.374234332,1308.961111
697,Purchase,0.978869302,1238.921429
697,Purchase,0.962770281,1238.921429
697,Purchase,1.060748171,1542.958889
697,Purchase,1.228665606,2149.508333
697,Refi,1.211997074,1238.372222
698,Purchase,0.946082182,1238.921429
698,Refi,0.542838269,552.435
698,Purchase,1.253750906,2149.508333
698,Refi,1.104036476,1398.3
698,Purchase,0.58538815,1388.066667
698,Purchase,1.302286024,2149.508333
698,Purchase,1.21746971,2149.508333
698,Purchase,1.522540492,1554.37
698,Purchase,1.006848387,1238.921429
698,Purchase,1.188596503,2034.54625
698,Purchase,0.870193798,1081.745714
698,Refi,1.267222047,1238.372222
698,Purchase,1.021914514,1542.958889
698,Refi,1.214105882,1238.372222
698,Purchase,0.983307156,1238.921429
699,Purchase,0.57692511,1388.066667
699,Purchase,1.149879276,2034.54625
699,Refi,1.384423226,1308.961111
699,Purchase,1.224269027,2149.508333
699,Refi,1.10529519,1398.3
699,Refi,1.350751433,1308.961111
699,Refi,1.297358065,1238.372222
699,Purchase,0.996076471,1238.921429
699,Purchase,0.590460568,1388.066667
700,Purchase,1.226061101,2149.508333
700,Purchase,1.131152187,2034.54625
700,Refi,1.24221958,1238.372222
700,Refi,1.13329701,1376.918182
700,Refi,1.352710167,1308.961111
700,Purchase,1.266388172,2149.508333
700,Purchase,0.891338182,1081.745714
700,Refi,1.592076721,2120.38
700,Purchase,1.009097608,1238.921429
700,Purchase,1.278293333,2149.508333
701,Refi,0.865764898,1439.485
701,Refi,1.359743433,1187.465
701,Purchase,1.04281522,1530.557273
701,Purchase,0.830552147,783.684
701,Refi,1.345561015,1187.465
701,Purchase,0.906825911,783.684
701,Refi,1.248771502,1341.458
701,Purchase,1.273043357,1726.845556
701,Refi,1.042868571,1465.736667
701,Refi,1.512554745,2005.525
701,Refi,1.308776496,1341.458
701,Refi,1.439084308,1219.236667
701,Purchase,1.279380892,1726.845556
701,Purchase,1.119863592,1926.09
702,Purchase,1.219181864,1726.845556
702,Refi,1.140366031,1227.121667
702,Refi,1.385367876,1187.465
702,Refi,1.327107636,1187.465
703,Refi,1.250826391,1341.458
703,Purchase,1.180465858,1926.09
703,Refi,1.416182946,1219.236667
703,Purchase,1.051658247,1530.557273
703,Purchase,1.29979295,1726.845556
703,Purchase,1.1100633,1926.09
703,Purchase,1.384857143,2072.83
704,Refi,1.311881773,1187.465
704,Refi,0.611761997,547.11
704,Purchase,1.359432258,2072.83
704,Refi,1.118769942,1227.121667
704,Purchase,0.943726496,809.38625
704,Refi,1.212518343,1341.458
704,Purchase,1.058841989,1530.557273
704,Refi,1.279672813,1341.458
705,Refi,1.057039842,1465.736667
705,Refi,1.167546628,1227.121667
705,Refi,1.066318612,1465.736667
705,Purchase,0.931546039,809.38625
705,Purchase,1.299419632,1726.845556
705,Purchase,0.891837965,783.684
705,Purchase,0.994511374,809.38625
705,Purchase,0.905321586,783.684
705,Refi,1.497715271,1219.236667
705,Purchase,1.106607785,1530.557273
705,Refi,0.941213462,699.415
705,Refi,1.194887594,1227.121667
705,Purchase,1.204943333,1926.09
705,Purchase,1.09775202,1530.557273
705,Purchase,1.339258966,2072.83
706,Purchase,1.275214108,1726.845556
706,Refi,1.208397488,1227.121667
706,Refi,1.510445522,2005.525
706,Purchase,1.183612568,1926.09
706,Purchase,1.218649616,1726.845556
706,Purchase,1.145032829,1926.09
706,Purchase,1.141596578,1926.09
706,Purchase,1.09435917,1530.557273
706,Refi,1.216746959,1341.458
706,Purchase,1.205258402,1926.09
706,Purchase,1.125398172,1926.09
707,Purchase,1.180837391,1926.09
707,Purchase,1.224830189,1726.845556
707,Purchase,1.317042599,2072.83
708,Purchase,0.985139746,809.38625
708,Purchase,1.320791557,2072.83
708,Purchase,0.920186486,809.38625
708,Purchase,1.619641921,762.62
708,Purchase,1.21828417,1726.845556
708,Purchase,1.040084685,1530.557273
708,Refi,1.293121387,1341.458
708,Refi,1.201252059,1227.121667
708,Refi,1.225109381,1341.458
708,Refi,1.685611818,3186.25
709,Purchase,1.161740024,1926.09
709,Purchase,1.07100832,1530.557273
709,Purchase,0.447635417,699.88
709,Purchase,1.070889861,1530.557273
709,Purchase,1.157597727,1926.09
709,Purchase,1.080687103,1530.557273
709,Purchase,1.324617732,2072.83
710,Purchase,1.126741397,1926.09
710,Refi,0.873404514,1439.485
710,Purchase,0.952017021,809.38625
710,Refi,0.761177778,478.82
710,Purchase,1.053216227,1530.557273
710,Purchase,0.87192562,783.684
710,Purchase,1.142168504,1926.09
710,Refi,1.373413333,1187.465
710,Purchase,0.9787,809.38625
710,Purchase,1.185631131,1926.09
710,Purchase,0.964162587,809.38625
710,Refi,1.256746345,1341.458
710,Refi,0.959215524,699.415
710,Refi,1.23198747,1341.458
711,Refi,1.108308271,741.525
711,Refi,1.41848125,1076.354
711,Refi,1.263019578,1555.0425
711,Purchase,1.222465319,2162.135
711,Purchase,0.833834532,1427.492
711,Refi,1.331464594,1306.13125
711,Purchase,1.402704663,2137.152
711,Purchase,0.797958771,1953.75
711,Purchase,1.35726262,2137.152
711,Purchase,0.456634146,551.7
712,Purchase,0.973124312,1246.572857
712,Purchase,0.709489409,1642.316667
712,Purchase,0.986516556,1246.572857
712,Purchase,0.393667704,400.17
712,Refi,1.157495513,1026.66
712,Purchase,1.120768413,2319.135556
712,Purchase,1.069014344,2028.396
712,Purchase,1.08589318,2028.396
712,Purchase,1.431478523,1238.9
712,Purchase,1.371776386,2137.152
712,Purchase,1.147579268,2319.135556
712,Refi,1.410639175,1076.354
712,Refi,1.433284457,1076.354
712,Purchase,0.747277876,1953.75
713,Purchase,1.067009246,2028.396
713,Purchase,1.015519241,2028.396
713,Purchase,0.932654206,1246.572857
713,Purchase,1.130079602,2319.135556
713,Refi,1.13942216,1026.66
713,Purchase,1.111936508,2319.135556
713,Purchase,1.016384282,2028.396
713,Purchase,0.876978238,1427.492
714,Purchase,1.0471883,2028.396
714,Refi,0.840013586,901.85
714,Purchase,0.562532347,2698.25
714,Purchase,1.05722241,2028.396
714,Refi,0.957754644,847.16
714,Purchase,1.372045623,2137.152
714,Purchase,1.53119262,2238.82
715,Purchase,1.262848464,2162.135
715,Purchase,0.961978851,1246.572857
715,Refi,1.39490719,1306.13125
715,Refi,0.516809538,515.75
715,Refi,1.278002627,1555.0425
715,Refi,1.164433333,1026.66
715,Purchase,1.176605806,2319.135556
716,Purchase,1.287764341,2162.135
716,Purchase,1.09301573,2028.396
716,Purchase,1.049829868,2028.396
716,Refi,1.775244444,1158.62
716,Purchase,1.033544163,2028.396
716,Purchase,0.785086554,1953.75
716,Refi,1.003662555,847.16
716,Purchase,1.19075453,2319.135556
717,Purchase,1.387952288,2137.152
717,Purchase,1.109964334,2028.396
717,Purchase,1.072287697,2028.396
717,Refi,1.210035322,1555.0425
717,Purchase,0.861706446,1427.492
717,Refi,1.027163758,741.525
717,Refi,0.970886076,847.16
717,Refi,1.397724764,1306.13125
718,Refi,1.294537729,1555.0425
718,Refi,1.192486818,1026.66
718,Purchase,1.098051759,2028.396
718,Purchase,1.279550069,2162.135
718,Purchase,1.21529816,2162.135
718,Purchase,0.651552428,1642.316667
718,Refi,1.402600382,1306.13125
718,Refi,1.521937895,1177
718,Purchase,1.276935763,2162.135
718,Purchase,0.987698333,1246.572857
719,Refi,1.403433481,1306.13125
719,Purchase,1.177122877,2319.135556
719,Refi,1.445555772,1076.354
719,Purchase,0.936357553,1246.572857
719,Purchase,1.05826317,2028.396
719,Purchase,1.178941884,2319.135556
719,Refi,1.415214371,1076.354
719,Purchase,0.912053996,1246.572857
719,Refi,1.350082083,1306.13125
720,Purchase,1.191155644,2319.135556
720,Purchase,0.898330176,1427.492
720,Purchase,0.667408231,1642.316667
720,Purchase,0.824327442,1427.492
720,Purchase,1.028032222,2028.396
720,Refi,1.384008754,1306.13125
720,Refi,1.334215894,1306.13125
721,Purchase,0.633232234,733.57
721,Purchase,0.536450755,598.28
721,Purchase,0.991558636,852.925
721,Refi,0.825196721,932.9266667
721,Purchase,1.132706383,1854.612143
721,Purchase,0.904648715,724.65
721,Purchase,1.290254362,2014.433333
721,Purchase,1.249163504,2014.433333
721,Refi,0.945700946,1070.09
721,Refi,0.98377039,1070.09
721,Refi,0.638075362,491.62
721,Refi,0.751299825,1765.145
722,Purchase,1.272307692,2014.433333
722,Refi,0.865842118,932.9266667
722,Purchase,1.37747455,971.9425
722,Purchase,1.420062454,1540.28
722,Refi,0.938347596,1070.09
722,Refi,1.36602729,1326.98
722,Purchase,0.894257143,724.65
722,Purchase,1.202342059,1854.612143
722,Purchase,0.457470225,1363.62
722,Purchase,1.129117073,1854.612143
722,Refi,0.56111582,775.6
722,Refi,1.052564727,999.66
723,Purchase,1.362685851,971.9425
723,Purchase,0.838607431,724.65
723,Purchase,1.225479304,2014.433333
723,Purchase,1.294020053,2014.433333
723,Purchase,1.117470943,1854.612143
723,Purchase,1.353043678,971.9425
723,Purchase,0.573069054,598.28
723,Refi,1.269490671,1317.19
724,Purchase,1.229094559,2014.433333
724,Purchase,0.95057989,852.925
724,Refi,1.004971733,1070.09
724,Refi,1.200676029,1610.585
724,Purchase,0.978008403,852.925
724,Purchase,1.020539887,1247.925
724,Purchase,0.834295321,724.65
724,Refi,2.057664286,1439.585
724,Purchase,0.774441026,1603.946667
725,Purchase,0.837688361,724.65
725,Purchase,1.449954812,1540.28
725,Purchase,0.884300699,724.65
725,Purchase,1.0472,1247.925
725,Purchase,1.279077568,2014.433333
725,Purchase,1.026637736,1247.925
725,Purchase,0.800034203,1603.946667
725,Purchase,1.180013761,1854.612143
725,Refi,0.794985155,1765.145
725,Purchase,1.033392226,1247.925
725,Refi,1.135785672,1610.585
725,Purchase,1.025278287,1247.925
725,Purchase,1.518846154,1800.87
725,Purchase,0.703673288,733.57
725,Refi,1.191139935,1610.585
726,Purchase,1.025102211,1247.925
726,Purchase,1.262826087,2014.433333
726,Purchase,1.075473214,1247.925
726,Refi,1.5223053,1273.205
726,Purchase,1.146899219,1854.612143
726,Refi,1.172657653,1610.585
726,Purchase,1.093237008,1247.925
726,Purchase,1.144429958,1854.612143
726,Refi,2.039546667,1439.585
727,Purchase,0.977496563,852.925
727,Purchase,0.515395522,598.28
727,Purchase,0.967528517,852.925
727,Purchase,1.367786854,971.9425
727,Purchase,1.123503688,1854.612143
727,Purchase,1.117748248,1854.612143
727,Refi,1.493817794,561.35
727,Purchase,1.143659098,1854.612143
727,Refi,0.947845217,1070.09
727,Purchase,1.119195175,1854.612143
727,Purchase,1.296187706,2014.433333
727,Purchase,1.052272165,1247.925
728,Purchase,0.732628352,1603.946667
728,Purchase,0.974984925,852.925
728,Purchase,1.136706024,1854.612143
728,Refi,1.062052769,999.66
728,Purchase,1.082484935,1247.925
728,Purchase,1.25406701,2014.433333
729,Refi,1.271512289,1317.19
729,Purchase,1.080553425,1247.925
729,Purchase,0.878210256,724.65
729,Purchase,1.295597076,2014.433333
729,Purchase,0.827651873,724.65
729,Purchase,1.577501382,1800.87
729,Purchase,1.091156989,1247.925
729,Purchase,0.857189583,724.65
730,Purchase,1.13678643,1854.612143
730,Purchase,1.226276435,2014.433333
730,Refi,0.822185841,932.9266667
730,Purchase,1.190096692,1854.612143
730,Purchase,1.062876957,1247.925
730,Purchase,0.979940223,852.925
730,Refi,0.97433301,1070.09
730,Refi,1.564749524,1273.205
730,Refi,1.064136782,999.66
730,Purchase,1.058125144,1247.925
730,Purchase,0.857683019,724.65
730,Purchase,0.981483529,852.925
730,Refi,1.056208932,999.66
731,Purchase,0.982187724,846.9761538
731,Refi,1.457168473,1414.4
731,Refi,1.042773709,1192.672
731,Purchase,0.715286631,1783.025
731,Purchase,0.984683322,846.9761538
731,Purchase,0.909934375,984.976
731,Purchase,1.191000805,1456.986667
732,Purchase,0.986114127,846.9761538
732,Purchase,0.98657807,846.9761538
732,Refi,0.885722284,1146.225
732,Purchase,1.385538551,1485.553333
732,Purchase,1.191720796,1456.986667
732,Purchase,1.271568733,1676.529
732,Purchase,1.362623015,1485.553333
732,Purchase,0.854760317,984.976
732,Purchase,0.953381443,846.9761538
732,Purchase,1.111430801,1456.986667
732,Refi,0.820498622,1146.225
733,Purchase,1.11380805,1456.986667
733,Purchase,1.132466525,1456.986667
733,Purchase,1.028190265,1658.051111
733,Purchase,1.175097252,1456.986667
733,Purchase,1.22305122,1676.529
733,Refi,1.099449246,1192.672
733,Purchase,1.015469182,1658.051111
734,Purchase,0.922538976,846.9761538
734,Purchase,0.730291691,1783.025
734,Refi,0.599903792,744.36
734,Refi,0.950369573,696.7125
734,Refi,1.066176837,1192.672
734,Purchase,1.011209677,1658.051111
734,Purchase,1.118869261,1456.986667
734,Refi,0.921258028,696.7125
734,Purchase,1.009849558,846.9761538
735,Refi,1.158197674,1351.72
735,Refi,1.08266146,1192.672
735,Purchase,1.079473552,1658.051111
735,Purchase,0.921980741,846.9761538
735,Purchase,1.258260793,1676.529
735,Purchase,1.009653084,846.9761538
735,Purchase,0.573888092,1214.905
735,Refi,1.098677484,1192.672
736,Purchase,1.1276,1456.986667
736,Refi,1.233015385,1171.202
736,Purchase,0.967250314,846.9761538
736,Purchase,0.95975641,846.9761538
736,Refi,1.222418182,1171.202
736,Refi,0.943901195,696.7125
736,Refi,1.387132554,1012.05
736,Purchase,1.032365385,1658.051111
737,Refi,0.520701555,744.36
737,Refi,1.455268203,1414.4
737,Refi,1.311336201,1012.05
737,Purchase,1.104087363,1658.051111
737,Purchase,1.119399564,1456.986667
737,Purchase,1.037986104,1658.051111
737,Purchase,0.905309515,984.976
737,Refi,0.984740639,696.7125
737,Purchase,0.582986767,1214.905
738,Purchase,1.067445987,1658.051111
738,Refi,1.208666176,1351.72
738,Purchase,0.83057686,984.976
738,Purchase,1.12037592,1456.986667
738,Purchase,0.953044252,846.9761538
738,Purchase,1.163149675,1456.986667
738,Purchase,1.213034146,1676.529
739,Purchase,1.288581997,1676.529
739,Refi,1.284491294,1171.202
739,Purchase,1.303433723,1676.529
739,Purchase,1.140732374,1456.986667
739,Refi,1.296424979,1171.202
739,Refi,1.211264812,1171.202
739,Refi,1.44549,1414.4
739,Purchase,1.128803341,1456.986667
739,Purchase,1.235318237,1676.529
739,Purchase,0.53086539,1214.905
739,Purchase,0.513131773,1214.905
739,Purchase,1.352851084,1485.553333
739,Purchase,1.022630947,1658.051111
739,Purchase,1.411791055,2227.59
740,Purchase,1.29261831,1676.529
740,Purchase,1.21464375,1676.529
740,Purchase,0.8990952,984.976
740,Purchase,1.160753623,1456.986667
740,Purchase,1.127902718,1456.986667
740,Purchase,0.921779196,846.9761538
740,Purchase,1.264015668,1676.529
741,Purchase,1.571393023,2399.69
741,Purchase,0.655536882,882.2725
741,Refi,1.167427623,1847.03
741,Purchase,0.750331002,575.0566667
741,Purchase,0.954714286,946.8633333
741,Refi,1.014801578,1332.62
741,Refi,1.505456698,1336.1975
742,Purchase,1.033426797,1333.7275
742,Purchase,1.279520809,2613.05
742,Purchase,1.398814433,1793.943333
742,Purchase,1.219585013,2613.05
742,Purchase,1.559662658,2399.69
742,Purchase,1.280079438,2613.05
742,Purchase,0.953434686,946.8633333
742,Purchase,1.031920384,1333.7275
742,Refi,0.590074156,834.12
742,Purchase,1.14690438,1752.698
742,Purchase,0.949744982,946.8633333
743,Purchase,0.738243993,575.0566667
743,Refi,1.41475727,1336.1975
743,Refi,1.489402041,1336.1975
743,Refi,1.324572592,1116.02
743,Refi,0.737065258,748.1033333
743,Refi,0.999488643,1247.886
743,Purchase,1.225457143,2613.05
743,Refi,1.190862185,1847.03
743,Purchase,1.508756688,1973.81
743,Purchase,1.255181982,2613.05
744,Refi,1.08489375,1332.62
744,Refi,1.310120876,1116.02
744,Purchase,1.145144697,1752.698
744,Refi,1.180957276,1847.03
744,Purchase,1.206926685,1752.698
744,Refi,0.992957667,1247.886
744,Purchase,0.532079292,1013.613333
745,Purchase,1.124755789,1752.698
745,Purchase,1.315326512,1793.943333
745,Refi,1.221478564,1620.6
745,Purchase,1.035339499,1333.7275
745,Purchase,1.158861962,1752.698
745,Purchase,1.11117785,1752.698
745,Purchase,0.788675585,575.0566667
745,Refi,0.771055759,748.1033333
746,Purchase,0.956419287,946.8633333
746,Purchase,1.246803415,2613.05
746,Purchase,0.986195426,946.8633333
746,Purchase,1.147896015,1752.698
746,Purchase,0.576064179,1013.613333
747,Refi,0.853619401,598.19
747,Purchase,1.059492386,1333.7275
747,Purchase,1.138619487,1752.698
747,Purchase,1.152558621,1752.698
747,Purchase,1.059267588,1333.7275
747,Purchase,1.148764006,1752.698
748,Purchase,1.081178897,1333.7275
748,Refi,0.805771599,748.1033333
748,Purchase,1.058391461,1333.7275
748,Purchase,0.861041004,556.23
748,Purchase,1.024961478,1333.7275
749,Purchase,0.592343564,1013.613333
749,Purchase,0.640229291,882.2725
749,Refi,0.683730818,570.8
749,Refi,1.498248987,1336.1975
749,Refi,0.995581996,1247.886
750,Purchase,1.086020025,1333.7275
750,Purchase,1.060145092,1333.7275
750,Purchase,1.256387798,2613.05
750,Purchase,1.327440166,1793.943333
750,Refi,0.95680533,1247.886
750,Purchase,0.935260837,946.8633333
750,Purchase,1.027876333,1333.7275
750,Refi,0.962240715,1247.886
750,Purchase,0.660917203,882.2725
750,Purchase,1.087177017,1333.7275
750,Purchase,1.433469714,1973.81
750,Purchase,0.65609936,882.2725
750,Refi,1.075746763,1332.62
751,Refi,1.379332127,1392.65
751,Purchase,0.81300813,1039.407143
751,Purchase,0.663740089,392.885
751,Purchase,1.367352025,2277.81
751,Refi,1.480856187,1292.575
751,Refi,1.217753203,1335.285
751,Purchase,0.973826389,1115.518182
751,Purchase,1.143841176,1404.774
751,Purchase,1.193866667,1404.774
752,Purchase,0.957900277,1115.518182
752,Purchase,0.629598007,392.885
752,Refi,0.833662541,682.9
752,Purchase,0.919539785,1115.518182
752,Refi,1.321446217,1392.65
753,Purchase,1.087764823,1487.289231
753,Purchase,0.669042956,392.885
753,Purchase,0.750539259,832.5366667
753,Purchase,1.138196731,1404.774
753,Refi,1.136033028,2071.322
753,Refi,1.061312689,1093.016
754,Purchase,0.631276901,392.885
754,Purchase,1.056692209,1487.289231
754,Refi,1.082879348,1093.016
754,Purchase,1.178152252,1404.774
754,Purchase,0.817312644,1039.407143
754,Refi,1.057311524,1093.016
754,Refi,1.114668308,2071.322
754,Purchase,1.025024036,1487.289231
754,Purchase,0.876303119,1039.407143
754,Purchase,1.095977011,1487.289231
754,Refi,1.253399308,1335.285
754,Purchase,1.364699471,2277.81
754,Purchase,0.937884179,1115.518182
754,Purchase,1.41494657,1597.51
754,Purchase,1.108153722,1487.289231
755,Refi,0.773316667,461.4
755,Refi,1.201037017,2071.322
755,Purchase,1.031276667,1487.289231
755,Purchase,1.031142974,1487.289231
755,Purchase,0.803936508,832.5366667
755,Refi,1.413395595,1292.575
755,Refi,1.80411625,797.77
755,Purchase,0.91682509,1115.518182
756,Purchase,0.963483592,1115.518182
756,Purchase,1.095913344,1487.289231
756,Refi,1.139375351,2071.322
756,Purchase,0.856930342,1039.407143
756,Refi,1.245438017,1335.285
756,Purchase,0.837369863,1039.407143
756,Refi,1.306098635,1335.285
757,Purchase,0.953913605,1115.518182
757,Purchase,1.263041176,1580.463333
758,Purchase,0.993055,1115.518182
758,Refi,1.110317878,2071.322
758,Purchase,1.060402243,1487.289231
758,Refi,1.035105923,1093.016
758,Purchase,1.049462366,1487.289231
758,Refi,1.081440415,1093.016
758,Purchase,1.263046701,1580.463333
758,Purchase,1.769662687,1185.42
758,Purchase,1.052701124,1487.289231
759,Purchase,1.042592237,1487.289231
759,Purchase,0.338742164,759.19
759,Purchase,0.935083481,1115.518182
759,Refi,0.678050584,516.82
760,Purchase,0.992412069,1115.518182
760,Purchase,1.449065657,1597.51
760,Purchase,0.884972423,1039.407143
760,Purchase,1.065925377,1487.289231
760,Purchase,0.715079559,832.5366667
760,Purchase,1.112129759,1404.774
760,Purchase,0.97541713,1115.518182
760,Purchase,1.265971741,1580.463333
760,Refi,1.525307368,1478.05
760,Purchase,1.461069231,1597.51
760,Purchase,0.860347197,1039.407143
761,Purchase,1.209689613,1708.732143
761,Purchase,0.45045045,323.84
761,Refi,1.297684281,1252.314
761,Purchase,1.106385185,1144.143333
761,Refi,1.125823165,1211.448
761,Purchase,1.149837134,1708.732143
761,Purchase,1.154119403,1708.732143
761,Refi,1.166851984,1211.448
761,Refi,1.167150504,1211.448
762,Purchase,0.778502479,1046.65
762,Refi,1.247511415,1252.314
762,Refi,1.162337662,1211.448
762,Purchase,1.319133758,1585.94
762,Purchase,1.023149905,1144.143333
762,Purchase,1.212854864,2484.3275
762,Purchase,1.091284706,1144.143333
763,Purchase,1.178796364,1708.732143
763,Refi,1.270061176,1252.314
763,Purchase,1.348210427,1585.94
763,Purchase,0.661966507,687.9
763,Purchase,1.142294468,1708.732143
763,Purchase,1.329802,1585.94
763,Purchase,1.201542458,1708.732143
763,Purchase,0.944388889,973.935
763,Purchase,0.928545231,973.935
763,Purchase,0.995553333,973.935
763,Refi,0.764757834,793.22
763,Purchase,1.282239675,2484.3275
763,Refi,1.654006734,606.02
764,Refi,1.016954679,970.015
764,Purchase,0.64717176,687.9
764,Purchase,1.194198039,1708.732143
764,Purchase,0.628495238,687.9
764,Purchase,1.27095526,2484.3275
764,Purchase,1.250754098,2484.3275
764,Purchase,1.192557419,1708.732143
764,Purchase,0.723773585,1046.65
764,Refi,0.681449666,873.54
765,Purchase,1.145578913,1708.732143
765,Purchase,0.534207921,1003.55
765,Refi,1.265458765,1252.314
765,Purchase,1.07207561,1144.143333
765,Refi,0.947738312,755.5066667
766,Purchase,0.835418959,2122.24
766,Purchase,1.137912855,1708.732143
766,Purchase,1.026518588,1144.143333
766,Purchase,1.208116589,1708.732143
766,Purchase,0.992546751,973.935
766,Purchase,1.044796495,1144.143333
766,Refi,1.082290247,970.015
766,Purchase,1.176019277,1708.732143
767,Refi,1.168882105,1211.448
767,Purchase,0.675046414,687.9
767,Refi,0.874647511,644.87
767,Purchase,1.376476336,1585.94
767,Purchase,0.53605545,1003.55
768,Purchase,1.056643267,1144.143333
768,Purchase,0.94367566,973.935
768,Purchase,1.167031472,1708.732143
768,Purchase,0.922602052,973.935
768,Refi,1.253788988,1252.314
768,Purchase,0.940327869,973.935
768,Purchase,1.038667621,1144.143333
768,Purchase,1.019097854,1144.143333
768,Purchase,0.970452417,973.935
769,Purchase,1.393404489,1585.94
769,Purchase,0.665771149,687.9
769,Purchase,0.766414298,1046.65
769,Purchase,1.001494505,973.935
769,Purchase,0.965364621,973.935
769,Purchase,1.145598051,1708.732143
769,Refi,1.49496,1344.82
770,Refi,0.941294386,755.5066667
770,Refi,0.917740032,755.5066667
770,Purchase,0.986891189,973.935
770,Purchase,0.970845411,973.935
770,Refi,1.523726053,2522.98
771,Purchase,1.007675937,1058.335455
771,Purchase,0.978190654,1058.335455
771,Purchase,0.779975337,1094.373333
771,Purchase,1.080726496,1441.711
771,Purchase,1.108982993,1441.711
771,Purchase,1.244522114,2257.72
771,Purchase,1.290513508,2257.72
772,Refi,1.435511945,1055.36
772,Purchase,1.379993514,1981.7125
772,Purchase,0.971109091,1058.335455
772,Purchase,0.894540433,1248.214
772,Refi,1.193714286,1394.778333
772,Purchase,1.170233002,1624.57
772,Purchase,0.939529801,1058.335455
772,Refi,1.173884594,1394.778333
772,Purchase,1.05959839,1441.711
773,Purchase,0.805398358,1094.373333
773,Purchase,1.184342857,1624.57
773,Refi,0.869914163,925.9333333
773,Refi,1.002085106,875.99
773,Purchase,0.857140381,1248.214
773,Purchase,0.972,1058.335455
774,Purchase,1.068259729,1441.711
774,Purchase,1.128746907,1624.57
774,Refi,1.110886275,1394.778333
774,Purchase,0.356687898,1409
775,Purchase,0.938986784,1058.335455
775,Purchase,0.940920996,1058.335455
775,Purchase,1.094721739,1441.711
775,Purchase,1.109307177,1441.711
775,Purchase,0.862362427,1248.214
775,Refi,1.255150118,1322.4
775,Refi,0.983910881,875.99
776,Refi,0.885636266,925.9333333
776,Purchase,1.304915765,2257.72
776,Purchase,1.195157895,1624.57
776,Refi,1.134137968,1394.778333
776,Purchase,1.008685379,1058.335455
776,Purchase,1.235063415,2257.72
776,Refi,1.457990083,1055.36
777,Purchase,1.377905263,1981.7125
777,Purchase,0.989268352,1058.335455
777,Purchase,1.185354293,1624.57
777,Purchase,0.544575758,1493.57
777,Refi,1.388406679,1519.95
777,Refi,0.912891682,875.99
778,Purchase,1.391086154,1981.7125
778,Purchase,1.027635946,1441.711
778,Purchase,0.965349754,1058.335455
778,Purchase,1.140440329,1624.57
778,Purchase,1.297525292,2257.72
778,Refi,0.827737024,925.9333333
778,Refi,1.113650058,1394.778333
778,Purchase,1.431564314,2986.32
778,Purchase,1.060728009,1441.711
778,Purchase,1.040013873,1441.711
778,Refi,1.158362232,1394.778333
779,Purchase,0.785804743,1094.373333
779,Purchase,1.212378099,2257.72
779,Refi,1.461256604,1055.36
779,Refi,0.99499347,875.99
779,Refi,1.097324242,1738.29
780,Purchase,1.093823529,1441.711
780,Purchase,1.12125589,1624.57
780,Purchase,1.36169145,1981.7125
780,Refi,1.441060066,1055.36
780,Purchase,0.909527928,1248.214
780,Purchase,1.153107934,1624.57
780,Purchase,0.97092944,1058.335455
780,Purchase,0.842631878,1248.214
781,Purchase,1.034246824,1182.084286
781,Purchase,1.001420282,992.59
781,Purchase,1.067042254,1182.084286
781,Purchase,1.036248766,1182.084286
781,Purchase,1.072015983,1182.084286
781,Purchase,1.187131571,1659.974545
782,Refi,0.637910361,1242.46
782,Refi,1.499464636,1597.3275
782,Purchase,0.574740741,1086.555
782,Purchase,1.145853237,1659.974545
782,Purchase,1.053972932,1182.084286
782,Refi,1.454503258,1597.3275
782,Refi,1.442198312,1597.3275
782,Purchase,1.459765439,2705
782,Purchase,1.196787149,1659.974545
782,Purchase,1.269674682,2069.1125
782,Refi,1.324093582,2390.31
783,Purchase,1.001418261,992.59
783,Purchase,1.027101994,1182.084286
783,Refi,1.452669418,1597.3275
783,Purchase,0.97838961,992.59
783,Refi,1.162282794,1773.275
783,Purchase,1.217073462,2069.1125
784,Refi,1.63176861,1112.94
784,Purchase,1.078898918,1182.084286
784,Purchase,0.921395161,992.59
784,Purchase,1.206925714,1659.974545
784,Purchase,1.09958628,1182.084286
784,Purchase,0.89813037,706.97
784,Purchase,1.100058781,1182.084286
784,Purchase,0.923269351,992.59
785,Purchase,1.127677262,1659.974545
785,Purchase,0.922632808,992.59
785,Purchase,1.028274336,1182.084286
785,Purchase,1.351428785,1069.39
785,Refi,1.162902659,1773.275
785,Purchase,1.123729604,1659.974545
785,Purchase,1.154170874,1659.974545
786,Purchase,0.631214333,893.65
786,Purchase,1.042247652,1182.084286
786,Refi,1.097722555,991.105
786,Purchase,0.989616598,992.59
786,Purchase,1.027375549,1182.084286
786,Refi,0.974521774,1113.45
786,Purchase,0.769895197,1482.86
787,Purchase,0.945516838,992.59
787,Purchase,1.343130957,1069.39
787,Purchase,0.991083217,992.59
787,Purchase,1.023123153,1182.084286
787,Purchase,1.288345604,2069.1125
787,Purchase,0.9598,992.59
788,Purchase,0.913537778,992.59
788,Purchase,1.25422101,2069.1125
788,Purchase,1.150232188,1659.974545
788,Purchase,1.164046301,1659.974545
788,Purchase,1.152313008,1659.974545
788,Refi,1.057356075,991.105
789,Refi,0.947544414,1113.45
789,Purchase,1.379415126,1069.39
789,Purchase,1.113404742,1659.974545
789,Purchase,0.58479036,1086.555
789,Purchase,0.991220183,992.59
789,Purchase,1.094128824,1182.084286
790,Purchase,0.975419116,992.59
791,Purchase,0.899038006,1002.1225
791,Purchase,0.509044932,1036.86
791,Purchase,0.944774436,924.76
791,Refi,1.211349917,807.145
791,Purchase,1.093701903,1736.300909
791,Purchase,1.127710345,1585.713846
791,Refi,0.834436275,922.29
792,Purchase,0.948540831,924.76
792,Purchase,1.038423804,1736.300909
792,Purchase,1.115982007,1585.713846
792,Purchase,1.223005691,1820.701
792,Purchase,1.434824779,2905.97
792,Purchase,1.268346875,1820.701
792,Purchase,1.197777778,1585.713846
792,Purchase,1.234999253,1820.701
792,Purchase,1.272837244,1820.701
792,Purchase,0.924506956,924.76
793,Purchase,0.937852349,924.76
793,Purchase,0.662130754,636.99
793,Refi,0.887647361,922.29
793,Purchase,1.112507317,1585.713846
793,Purchase,1.162836715,1585.713846
793,Refi,1.031797107,1228.485
794,Purchase,0.433347779,1036.86
794,Purchase,1.239802618,1820.701
794,Purchase,1.195391101,1585.713846
794,Purchase,1.047460208,1736.300909
794,Purchase,0.666203008,636.99
794,Purchase,0.929645161,924.76
794,Purchase,1.1917752,1585.713846
794,Purchase,1.400144379,1542
795,Refi,0.758260621,656.43
795,Purchase,1.20924977,1585.713846
795,Purchase,1.017147635,1736.300909
795,Refi,0.951716306,854.0266667
795,Refi,1.232449412,807.145
795,Purchase,0.781151546,870.1875
795,Purchase,0.569550931,667.72
796,Purchase,1.094183477,1736.300909
796,Purchase,0.980226685,924.76
796,Purchase,1.116331141,1585.713846
796,Purchase,0.681651888,636.99
796,Purchase,1.076741739,1736.300909
796,Purchase,1.120715789,1585.713846
796,Purchase,0.821982022,1002.1225
797,Purchase,0.973918589,924.76
797,Purchase,1.184445082,1585.713846
797,Refi,0.909560538,922.29
797,Refi,0.92748117,854.0266667
797,Purchase,1.382653951,1542
797,Purchase,1.065838674,1736.300909
797,Purchase,1.269289256,1820.701
797,Purchase,1.009921788,924.76
797,Refi,0.829593826,922.29
798,Purchase,1.072200349,1736.300909
798,Purchase,1.247879882,1820.701
798,Purchase,0.324228731,213.84
798,Purchase,1.0655625,1736.300909
798,Refi,1.110622844,894.57
798,Purchase,1.078712088,1736.300909
798,Purchase,0.962209386,924.76
798,Purchase,1.244554372,1820.701
798,Purchase,0.98544965,924.76
799,Purchase,0.826446281,1002.1225
799,Purchase,0.786267223,870.1875
799,Purchase,1.322332438,1542
799,Purchase,0.715665025,870.1875
799,Purchase,1.1064,1736.300909
799,Purchase,1.15413854,1585.713846
800,Purchase,1.00881516,924.76
800,Purchase,1.245892102,1820.701
800,Purchase,1.272860803,1820.701
800,Purchase,0.977050328,924.76
800,Purchase,0.863516199,1002.1225
800,Purchase,0.976484791,924.76
800,Purchase,0.771951459,870.1875
800,Purchase,1.145041322,1585.713846
800,Refi,1.066803352,1228.485
800,Purchase,0.984483298,924.76
800,Refi,0.927201633,854.0266667
801,Purchase,1.033567921,1200.612632
801,Purchase,1.025542533,1200.612632
801,Purchase,0.93347,1000.44625
802,Purchase,0.94091857,1000.44625
802,Purchase,0.940788161,1000.44625
802,Purchase,1.038876142,1200.612632
802,Purchase,1.152286957,1283.04
802,Purchase,0.80924838,1005.393333
803,Purchase,1.178285024,1283.04
803,Purchase,0.787175781,1005.393333
803,Purchase,1.11347196,1283.04
803,Refi,0.909670124,714.26
804,Purchase,0.951773333,1000.44625
804,Purchase,1.052243084,1200.612632
804,Purchase,1.01311952,1200.612632
804,Purchase,1.090180505,1200.612632
804,Purchase,0.957846099,1000.44625
804,Purchase,1.041391971,1200.612632
804,Refi,0.805237363,1262.055
804,Refi,0.764281366,1262.055
804,Refi,0.855934848,714.26
804,Purchase,0.794727592,1005.393333
805,Purchase,1.116165192,1283.04
805,Purchase,1.150720107,1283.04
805,Purchase,1.231425404,2003.34
805,Purchase,1.145215711,1283.04
806,Purchase,1.099529054,1200.612632
806,Purchase,0.705651578,1274.914
806,Purchase,0.665105485,1274.914
806,Purchase,1.22902818,2003.34
806,Purchase,0.987325747,1000.44625
806,Purchase,0.607948936,1327.6
806,Purchase,1.04354359,1200.612632
806,Purchase,1.026035821,1200.612632
806,Purchase,1.026543738,1200.612632
807,Purchase,1.040547186,1200.612632
807,Purchase,0.915369412,1000.44625
807,Purchase,0.857236223,1499.395
807,Purchase,1.505187709,2094.14
807,Purchase,1.064579531,1200.612632
807,Purchase,1.076489922,1200.612632
808,Purchase,1.02145024,1200.612632
808,Purchase,0.651320268,1274.914
808,Purchase,1.313131105,194.1333333
808,Purchase,0.697607377,1274.914
808,Purchase,1.10648262,1200.612632
809,Purchase,1.013062108,1200.612632
809,Purchase,0.971681621,1000.44625
809,Purchase,0.6577325,1274.914
809,Purchase,0.857644718,1499.395
809,Purchase,1.110533333,1283.04
810,Purchase,1.068709677,1200.612632
810,Purchase,1.114871143,1283.04
810,Purchase,1.056863791,1200.612632
810,Purchase,1.126860492,1283.04
811,Purchase,0.718852671,1301.17
811,Purchase,0.99273702,1336.69
811,Purchase,1.082739936,1205.947222
811,Purchase,0.991061905,1336.69
811,Purchase,0.731916346,1301.17
811,Purchase,0.961865502,1336.69
811,Purchase,1.040184369,1205.947222
813,Purchase,0.51391863,879.29
813,Purchase,1.044948817,1205.947222
813,Purchase,1.020688654,1205.947222
813,Purchase,1.073662478,1205.947222
813,Purchase,1.112752495,1019.366667
813,Purchase,1.22248942,2755.416667
813,Purchase,1.033566994,1205.947222
813,Refi,1.064711223,1076.855
813,Refi,0.950916558,898.97
813,Purchase,1.041904636,1205.947222
814,Purchase,1.095400952,1205.947222
814,Purchase,1.169542522,1019.366667
814,Purchase,0.659356807,1110.195
814,Purchase,1.073238636,1205.947222
814,Purchase,1.051242604,1205.947222
814,Purchase,1.123848244,1019.366667
814,Purchase,1.56831301,2377.76
814,Purchase,0.960673464,1336.69
815,Purchase,1.025745514,1205.947222
815,Purchase,1.192934015,1019.366667
815,Purchase,1.028602062,1205.947222
815,Purchase,1.091718919,1205.947222
815,Purchase,0.953586864,1336.69
815,Purchase,1.012637136,1205.947222
815,Refi,1.010261748,1076.855
815,Purchase,1.239390476,2755.416667
816,Purchase,0.856037802,502.24
816,Purchase,0.961395639,1336.69
816,Purchase,0.928398209,1336.69
817,Purchase,1.078866856,1205.947222
817,Purchase,1.344937398,712.57
817,Purchase,0.77706676,1301.17
817,Purchase,0.72038043,1301.17
818,Refi,1.285983864,1524.7
818,Refi,1.326059398,1271.73
818,Purchase,0.529849606,879.29
818,Refi,0.966072922,898.97
818,Purchase,0.749765698,1301.17
818,Purchase,1.1851616,1019.366667
818,Purchase,0.948991696,1336.69
818,Purchase,1.099798157,1205.947222
818,Purchase,0.925570388,1336.69
818,Purchase,1.012649374,1205.947222
818,Refi,0.488372851,636.28
819,Purchase,0.99886696,1336.69
819,Purchase,0.93911748,1336.69
819,Refi,0.920604218,898.97
819,Purchase,0.67114094,1110.195
819,Purchase,0.769716832,1301.17
820,Purchase,1.133461864,1019.366667
820,Purchase,1.062125065,1205.947222
820,Purchase,0.96718382,1336.69
820,Purchase,1.258746016,2755.416667
820,Refi,1.716079787,1459.72
821,Purchase,0.593862328,582.2257143
821,Purchase,1.146273327,2161.139
821,Purchase,1.078200371,1611.4675
821,Purchase,1.1635724,2161.139
821,Purchase,0.989842379,1041.502
821,Refi,0.859261818,1026.51
822,Purchase,1.425500183,1357.45
822,Refi,1.035814006,1608.725
822,Purchase,0.569630196,582.2257143
822,Purchase,1.038435524,1611.4675
822,Purchase,1.299309865,1919.29
823,Purchase,1.01337667,1611.4675
824,Purchase,0.670644105,608.0233333
824,Purchase,0.98043523,1041.502
824,Purchase,1.062244499,1611.4675
824,Purchase,1.084012025,1611.4675
824,Purchase,0.542033369,582.2257143
824,Purchase,0.941453416,1041.502
824,Purchase,0.36628862,525.92
824,Purchase,1.172200436,2161.139
824,Purchase,1.068803063,1611.4675
825,Purchase,1.173381295,2161.139
825,Purchase,0.566055274,582.2257143
825,Purchase,1.000750267,1041.502
825,Purchase,1.058565882,1611.4675
825,Purchase,0.837903514,856.5433333
825,Purchase,0.892167692,856.5433333
826,Purchase,1.011648548,1611.4675
826,Refi,0.988455814,577.08
826,Purchase,0.949919691,1041.502
826,Purchase,1.011790485,1611.4675
826,Purchase,0.468147392,562.62
826,Purchase,1.202677419,2161.139
827,Purchase,0.90199061,856.5433333
827,Purchase,1.215238247,1919.29
827,Purchase,1.391609662,2364.8
827,Refi,0.711257844,1051.84
828,Purchase,0.632411067,608.0233333
828,Purchase,1.070116335,1611.4675
828,Purchase,1.235717771,1919.29
828,Refi,1.247531828,1624.065
828,Purchase,0.568487671,582.2257143
828,Purchase,1.13221779,2161.139
829,Refi,1.072388075,1608.725
829,Purchase,1.176183144,2161.139
829,Purchase,1.024756189,1611.4675
829,Purchase,0.633537512,608.0233333
829,Purchase,0.605186289,582.2257143
829,Refi,1.496749569,2813.74
829,Purchase,1.187117148,2161.139
829,Purchase,1.252189235,1919.29
830,Purchase,1.159707513,2161.139
830,Purchase,1.204254545,2161.139
830,Refi,1.173550987,1879.46
830,Purchase,0.582239344,582.2257143
830,Purchase,1.106259829,1611.4675
830,Purchase,0.798687253,333.8
830,Refi,1.297367467,1624.065
831,Purchase,0.949304874,1241.502727
831,Purchase,0.516516129,879.56
831,Purchase,1.303031674,1010.6725
831,Purchase,1.091012746,1084.683333
831,Purchase,0.889329915,1632.398
831,Purchase,0.993142,1241.502727
832,Purchase,1.286742683,1010.6725
832,Purchase,0.862507368,1632.398
832,Purchase,0.851748387,1632.398
832,Purchase,1.150583166,1475.749
832,Refi,1.077720137,1778.43
832,Purchase,0.330969267,962.76
833,Purchase,0.857783656,1632.398
833,Purchase,0.991391264,1241.502727
833,Purchase,0.811633318,1632.398
833,Refi,0.953223435,1336.42
834,Purchase,1.020582857,1084.683333
835,Purchase,1.065080913,1084.683333
835,Purchase,1.075772557,1084.683333
835,Purchase,1.100870324,1084.683333
835,Purchase,0.434417373,1576.32
835,Purchase,0.77719217,1291.436
835,Purchase,1.158355853,1475.749
835,Purchase,0.769778633,1291.436
835,Purchase,0.989281034,1241.502727
835,Purchase,0.983976471,1241.502727
835,Purchase,1.045759921,1084.683333
835,Purchase,0.95859926,1241.502727
836,Purchase,1.375598513,2085.81
836,Purchase,1.096326061,1084.683333
836,Purchase,1.114634746,1475.749
836,Purchase,0.926556779,1241.502727
836,Purchase,0.491468078,1576.32
836,Purchase,0.972769767,1241.502727
837,Purchase,0.96152956,1241.502727
837,Purchase,1.079413665,1084.683333
837,Purchase,1.14821745,1475.749
837,Purchase,1.414833272,1007.07
837,Purchase,1.173304733,1475.749
837,Purchase,1.077274718,1084.683333
837,Purchase,1.098522658,1084.683333
837,Purchase,1.137588848,1475.749
838,Purchase,1.127708583,1475.749
838,Purchase,0.92855962,1241.502727
838,Purchase,0.662298015,885.4
838,Purchase,0.956188539,1241.502727
838,Purchase,0.383209889,962.76
839,Purchase,1.29764159,1010.6725
839,Purchase,0.773344828,1291.436
839,Purchase,1.018604651,1084.683333
840,Purchase,1.166156062,1475.749
840,Purchase,0.519480519,879.56
840,Purchase,1.037508966,1084.683333
840,Purchase,0.724444638,1291.436
840,Purchase,1.188530864,1475.749
840,Purchase,0.787372579,1291.436
840,Purchase,1.084674022,1084.683333
840,Purchase,1.211711191,1010.6725
840,Purchase,1.113690484,1475.749
840,Purchase,1.019283939,1084.683333
840,Purchase,1.097598673,1084.683333
841,Purchase,1.060808436,1286.400588
841,Purchase,0.939601983,1191.175
841,Purchase,0.418270232,1233.11
842,Purchase,0.944783673,1191.175
842,Purchase,0.852705508,1295.2325
842,Purchase,1.08510978,1286.400588
842,Purchase,0.98199775,1191.175
842,Purchase,1.035980149,1286.400588
843,Purchase,1.296893103,1897.4675
843,Purchase,1.099300214,1286.400588
843,Refi,0.462187721,642.47
843,Purchase,1.02875576,1286.400588
843,Purchase,1.161284539,1560.105
844,Purchase,1.313383571,758.7
844,Purchase,0.862235844,1295.2325
844,Purchase,0.689923752,703.4025
844,Purchase,1.121967311,1560.105
844,Purchase,1.086084615,1286.400588
844,Purchase,1.181013972,1560.105
844,Purchase,0.724053691,1075.51
844,Purchase,1.001315686,1191.175
844,Purchase,0.797140395,1075.51
844,Purchase,0.709461913,703.4025
845,Purchase,1.030946882,1286.400588
845,Purchase,1.080425668,1286.400588
845,Refi,1.265631932,1689.84
846,Purchase,1.073000756,1286.400588
846,Purchase,1.229718167,1897.4675
846,Purchase,0.567132075,1865.32
846,Purchase,0.524336054,1865.32
846,Purchase,1.086926354,1286.400588
846,Purchase,1.113989983,1560.105
846,Purchase,1.236821087,1897.4675
846,Purchase,0.916331169,1191.175
846,Purchase,1.076624299,1286.400588
847,Purchase,1.163276753,1560.105
847,Purchase,1.002535714,1191.175
847,Purchase,1.087292275,1286.400588
848,Purchase,1.220743902,1897.4675
848,Purchase,1.038262913,1286.400588
848,Purchase,0.801007268,1075.51
848,Purchase,0.95129747,1191.175
848,Purchase,0.497367062,1233.11
848,Purchase,1.102534891,1286.400588
848,Purchase,1.117026437,1560.105
848,Purchase,1.063531579,1286.400588
848,Purchase,1.185157639,1560.105
848,Purchase,0.964444444,1191.175
849,Purchase,0.658991411,703.4025
849,Purchase,1.185574614,1560.105
849,Purchase,0.780842359,1075.51
849,Purchase,1.060817831,1286.400588
849,Purchase,0.796099732,1075.51
849,Purchase,0.786065359,1075.51
849,Purchase,1.01174059,1286.400588
849,Purchase,1.214976471,1897.4675
850,Purchase,0.909055744,1295.2325
850,Purchase,1.168614152,1560.105
850,Purchase,0.907236364,1295.2325
850,Purchase,1.298194093,1897.4675
850,Purchase,1.148481805,1560.105
850,Purchase,0.654843111,703.4025
850,Purchase,1.255420085,1897.4675
850,Purchase,1.278351551,1897.4675
851,Purchase,0.999828975,835.1857143
851,Purchase,0.622155511,1180.05
851,Purchase,0.779220779,899.2925
852,Purchase,0.595302343,776.312
852,Purchase,1.063778605,1098.417
852,Purchase,1.244509856,2094.86
852,Purchase,1.224976866,2094.86
852,Purchase,1.001617251,835.1857143
853,Purchase,1.091875883,1098.417
853,Purchase,1.278275163,2094.86
853,Purchase,0.876205288,1327.908333
853,Purchase,0.760835184,899.2925
854,Purchase,0.893430551,1327.908333
854,Purchase,0.696196737,1180.05
854,Purchase,0.943928678,835.1857143
855,Purchase,0.870523274,1327.908333
855,Purchase,1.050810811,1098.417
855,Purchase,0.584759447,776.312
855,Purchase,1.050375745,1098.417
855,Purchase,1.125219251,1412.932
855,Purchase,0.838768326,1327.908333
855,Purchase,0.897089635,1327.908333
856,Purchase,1.092402044,1098.417
857,Purchase,0.792458904,899.2925
857,Purchase,0.796068195,899.2925
857,Purchase,1.039121212,1098.417
857,Purchase,1.008093351,835.1857143
857,Purchase,1.083691422,1098.417
858,Purchase,1.127334454,1412.932
858,Purchase,1.273749644,2094.86
858,Purchase,1.024656319,1098.417
858,Purchase,0.87694361,1327.908333
858,Purchase,1.196982251,1412.932
859,Purchase,0.56172588,776.312
859,Purchase,1.169469041,1412.932
859,Purchase,0.531498661,776.312
859,Purchase,1.014535316,1098.417
859,Purchase,1.005304615,835.1857143
859,Purchase,0.498015848,1384.69
859,Purchase,0.615498176,1180.05
860,Purchase,1.019060944,1098.417
860,Purchase,0.999509881,835.1857143
860,Purchase,1.119805755,1412.932
860,Purchase,0.519930676,776.312
860,Purchase,0.935596947,835.1857143
861,Purchase,0.961405893,606.252
861,Purchase,0.972740778,606.252
861,Purchase,1.039530838,1332.110909
861,Purchase,1.170551579,2016.313333
862,Purchase,1.079941562,1332.110909
862,Purchase,1.063243672,1332.110909
862,Purchase,1.013805885,1332.110909
862,Purchase,0.412405692,1478.1
862,Purchase,0.734745763,459.6
863,Purchase,1.105008347,1332.110909
863,Purchase,0.846960725,757.2928571
863,Purchase,0.906289949,757.2928571
863,Purchase,1.05753641,1332.110909
864,Purchase,1.062627708,1332.110909
864,Purchase,1.204484356,2016.313333
864,Purchase,1.081494143,1332.110909
865,Purchase,1.027813022,1332.110909
865,Purchase,0.82135729,757.2928571
865,Purchase,0.91781109,606.252
865,Purchase,1.31393578,870.1
866,Purchase,0.876896703,757.2928571
866,Purchase,0.950505855,606.252
868,Purchase,1.41256145,2335.42
868,Purchase,1.026750643,1332.110909
869,Purchase,0.901723499,757.2928571
869,Purchase,0.918746723,606.252
869,Purchase,0.857180128,757.2928571
869,Purchase,1.028641452,1332.110909
869,Purchase,0.796642424,459.6
869,Purchase,1.1872743,2016.313333
870,Purchase,0.84221501,757.2928571
871,Purchase,0.652577277,1662.86
871,Purchase,0.905078409,1168.84
871,Purchase,0.830564246,1168.84
872,Purchase,0.874234711,1168.84
872,Purchase,1.097671795,1299.861667
872,Purchase,0.408384615,588.35
873,Purchase,0.952380952,1030.3975
873,Purchase,0.986676503,1030.3975
874,Purchase,0.608637067,464.745
874,Purchase,1.429156328,1533.79
875,Purchase,1.194985956,1700.205
875,Purchase,0.891381659,1168.84
875,Purchase,1.04223545,1299.861667
875,Purchase,0.714350075,510.45
875,Purchase,1.430688202,1533.79
875,Purchase,0.988325926,1030.3975
875,Purchase,1.133093773,1700.205
876,Purchase,0.831960587,1168.84
877,Purchase,0.562985884,464.745
877,Purchase,0.709677419,1662.86
877,Purchase,1.21043964,1639.15
877,Purchase,1.073102419,1299.861667
877,Purchase,1.138706849,1700.205
877,Purchase,1.053440179,1299.861667
877,Purchase,1.111515942,1700.205
879,Purchase,0.989199306,1030.3975
879,Purchase,1.086559645,1299.861667
879,Purchase,1.046946586,1299.861667
881,Purchase,1.0332194,1942.365
881,Purchase,0.951426649,609.7266667
881,Purchase,1.028046512,1942.365
881,Purchase,1.396257364,2476.35
882,Purchase,0.925707152,609.7266667
883,Purchase,1.163373711,1957.075
887,Purchase,0.662983425,1312.9
887,Purchase,1.127380129,1957.075
887,Purchase,0.988757282,609.7266667
890,Purchase,1.241198374,757
