Credit Score,Finance Type,LTV,Total Gross Revenue Binding
468,Purchase,1.196242991,1396.83
479,Purchase,1.2211507,2536.34
482,Purchase,1.084449315,2048.5
483,Purchase,1.279261,1161.93
495,Purchase,1.229868545,3510.41
498,Purchase,1.392953945,7976
499,Purchase,1.39222807,7976
499,Purchase,1.253418638,3510.41
500,Purchase,1.393736018,7976
503,Purchase,1.075609977,4678.92
504,Purchase,1.18170543,4911.38
505,Purchase,1.062136791,4678.92
506,Purchase,1.134485068,4911.38
507,Purchase,0.917549644,531.44
507,Purchase,1.039677885,4678.92
512,Purchase,1.301509677,2210.51
514,Purchase,0.754058888,388.3
518,Purchase,1.127514428,613.3
525,Purchase,1.387405645,2189.09
525,Purchase,1.156814965,6483.43
525,Purchase,1.148707965,6483.43
527,Purchase,1.117509653,6483.43
528,Purchase,0.680195165,321.36
529,Purchase,1.135062667,6483.43
530,Purchase,1.118288089,6483.43
530,Purchase,1.212438165,2480.97
530,Purchase,1.294678832,2480.97
531,Purchase,1.359398131,2244.58
533,Refi,1.123652805,1202
535,Purchase,1.172631409,4103
535,Purchase,1.19585381,4103
535,Purchase,1.067708626,2926.57
538,Purchase,1.416668976,3095.46
542,Purchase,1.027642773,14527.72
543,Purchase,1.072055746,14527.72
543,Purchase,1.315699758,2414.11
544,Purchase,1.082668547,14527.72
544,Purchase,1.06350559,14527.72
544,Purchase,1.171354044,4534.92
544,Purchase,1.427877778,2381.17
545,Purchase,1.05153757,14527.72
546,Purchase,1.035405556,14527.72
546,Purchase,1.013694024,14527.72
547,Purchase,1.327644647,2414.11
548,Purchase,1.1422,4534.92
548,Refi,1.181271778,706.32
549,Purchase,1.291591642,1004.72
550,Purchase,0.415409955,404.99
551,Purchase,1.268930534,4671.6
551,Purchase,1.073946726,9228.92
551,Purchase,1.170498,7723.68
552,Refi,0.953895294,2261
552,Purchase,1.16606935,7723.68
552,Purchase,0.683136228,906.45
553,Purchase,1.057799057,9228.92
554,Purchase,0.916284806,6339.61
555,Refi,1.411960618,934
555,Purchase,0.996914815,6339.61
557,Purchase,0.984474248,6339.61
557,Refi,1.164472679,400
557,Refi,0.956467281,2261
557,Purchase,1.486719395,2513.21
557,Purchase,0.96120625,6339.61
559,Refi,0.944074074,2261
559,Purchase,1.305730742,4671.6
559,Purchase,1.174882645,7723.68
560,Purchase,1.089613058,9228.92
560,Refi,0.818442023,1038.63
560,Purchase,1.019148673,9228.92
560,Purchase,1.323141667,1728.66
560,Purchase,1.165389419,7723.68
561,Refi,1.168902018,9985.51
561,Refi,1.088535579,3655.22
561,Purchase,0.941702439,506.79
561,Purchase,1.169554318,7661.87
561,Refi,1.094372998,3655.22
562,Purchase,1.321240748,4908.92
562,Refi,0.967843862,699
563,Refi,1.385230321,7915.36
563,Purchase,0.90686326,479.15
563,Purchase,1.030108722,4097.44
564,Refi,1.238071523,5979.43
564,Purchase,1.144590625,7661.87
564,Purchase,1.258475077,436.08
565,Refi,1.081313559,3655.22
565,Refi,1.360526878,7915.36
565,Refi,1.149526852,9985.51
565,Purchase,1.068609982,4097.44
565,Purchase,1.026844218,4097.44
565,Purchase,0.484442308,1394.18
565,Purchase,1.403816173,4908.92
566,Refi,1.134157702,9985.51
566,Purchase,0.563172537,523.55
567,Refi,1.262054601,5979.43
567,Refi,1.356350136,7915.36
567,Refi,1.225183902,5979.43
567,Refi,1.48138401,4153.39
567,Refi,1.239010556,5979.43
568,Refi,1.165728627,9985.51
568,Refi,1.432780198,4153.39
569,Purchase,1.192634343,7661.87
569,Refi,1.359091613,7915.36
569,Refi,1.273332576,5979.43
569,Refi,1.195675092,9985.51
569,Refi,1.121145038,9985.51
570,Refi,1.169166516,9985.51
570,Purchase,1.426415094,4255.48
570,Refi,1.353857175,7915.36
570,Refi,1.337755203,7915.36
570,Refi,1.08438465,3655.22
570,Refi,1.158647516,9985.51
570,Purchase,1.411161798,4255.48
570,Purchase,1.155930051,7661.87
571,Purchase,1.128948995,9859.8
571,Refi,1.002848057,4293.73
571,Refi,1.407791005,10750.98
572,Purchase,1.124608425,9859.8
572,Refi,0.906998693,2728.39
572,Refi,1.312499783,10750.98
572,Purchase,1.380406847,11768.2
572,Purchase,1.302585545,17586.06
572,Purchase,1.387903245,11768.2
572,Refi,1.554958382,1132
572,Refi,1.431311009,2466.03
573,Purchase,1.305286364,17586.06
573,Purchase,1.274478702,17586.06
573,Purchase,1.215612739,17586.06
573,Refi,0.771207163,759.27
573,Purchase,1.302236907,17586.06
574,Refi,1.262500444,7750.08
574,Refi,1.09650542,10457.87
574,Refi,1.236750077,7750.08
574,Refi,1.386575258,10750.98
574,Refi,1.100478133,10457.87
574,Purchase,0.85880221,4670.34
574,Refi,1.289853659,7750.08
574,Purchase,0.868019441,4670.34
574,Purchase,1.249440409,17586.06
574,Purchase,1.396018559,11768.2
574,Purchase,1.320177892,11768.2
574,Refi,1.346671375,10750.98
574,Purchase,0.847797914,4670.34
574,Refi,0.955007673,4293.73
575,Refi,1.147202069,7703.57
575,Refi,1.311446269,10750.98
575,Refi,1.376199222,10750.98
575,Refi,1.259162215,7750.08
575,Refi,1.014394475,10457.87
575,Purchase,0.772983452,544.32
575,Refi,1.143162434,7703.57
575,Refi,1.096701269,10457.87
575,Purchase,1.087190783,1753.13
575,Purchase,1.439038821,2629.45
576,Purchase,1.213441706,17586.06
576,Purchase,1.13088812,9859.8
576,Refi,1.141000268,7703.57
576,Purchase,1.17772198,9859.8
576,Refi,1.090287073,10457.87
576,Refi,1.175021389,7703.57
576,Refi,1.347766429,10750.98
577,Refi,1.173775642,7703.57
577,Purchase,1.636411796,2032
577,Refi,1.072291239,10457.87
577,Purchase,0.99488254,1136
578,Refi,1.175395166,7703.57
578,Refi,1.27325,7750.08
578,Refi,1.37834,10750.98
578,Refi,1.047965478,10457.87
578,Refi,1.252022935,7750.08
579,Refi,1.084636559,10457.87
579,Purchase,1.277464307,17586.06
580,Refi,1.243113215,7750.08
580,Refi,1.312772121,10750.98
580,Refi,0.927364333,4293.73
580,Purchase,0.863652679,4670.34
580,Purchase,1.381565189,11768.2
580,Refi,0.840299013,2728.39
580,Refi,1.441568254,2466.03
580,Refi,1.158025121,7703.57
580,Refi,1.106368259,10457.87
581,Refi,1.363834586,7155.5
581,Refi,1.2107696,8260.36
581,Refi,1.192214397,18386.27
582,Refi,1.321514644,7155.5
582,Purchase,1.385863014,5078.01
582,Refi,1.14643905,18386.27
582,Refi,1.253086127,8260.36
582,Refi,0.77621012,827.35
582,Purchase,0.96606424,3274.24
582,Purchase,1.268573521,4993.62
582,Refi,1.112866019,18386.27
582,Purchase,1.449830108,6599.14
582,Refi,1.444880243,6516.09
582,Refi,1.318809617,7155.5
582,Purchase,1.270207385,4993.62
583,Refi,1.130313669,18386.27
583,Refi,1.079533333,11692.1
584,Refi,1.117497483,18386.27
584,Purchase,1.168838679,12868.4
584,Refi,1.020430859,11692.1
584,Purchase,1.021555676,9919.24
584,Purchase,0.931010661,3274.24
584,Refi,1.170565934,18386.27
584,Purchase,1.44435196,6599.14
585,Purchase,1.0434648,9919.24
585,Purchase,1.463278412,6599.14
585,Purchase,1.030995798,9919.24
585,Refi,1.105829098,11692.1
585,Refi,0.960399569,1233
585,Purchase,1.386077213,5078.01
585,Purchase,1.03903445,9919.24
585,Purchase,1.117962475,12868.4
585,Refi,1.338388796,7155.5
585,Purchase,1.169332515,12868.4
585,Refi,1.135014634,18386.27
586,Refi,1.416352201,6516.09
586,Refi,1.396348837,7155.5
586,Refi,1.159115942,18386.27
586,Purchase,1.127661789,12868.4
586,Refi,1.429021522,6516.09
586,Refi,1.434718019,6516.09
586,Refi,1.419239452,6516.09
586,Purchase,1.380730935,5078.01
586,Purchase,1.207030769,12868.4
586,Purchase,0.741765294,1361.39
586,Refi,0.88222566,825.03
587,Refi,1.236902734,8260.36
587,Refi,1.226203704,8260.36
587,Refi,1.2763518,8260.36
587,Purchase,0.686602985,416.25
587,Refi,1.017328662,11692.1
587,Refi,1.28508,8260.36
587,Refi,1.072286095,11692.1
587,Purchase,1.107363522,9919.24
587,Refi,1.157609974,18386.27
587,Purchase,0.921853799,3274.24
588,Refi,1.075506271,11692.1
588,Refi,1.11403631,18386.27
588,Refi,1.507277117,6516.09
588,Refi,1.161948495,18386.27
588,Purchase,1.155345343,12868.4
589,Refi,1.093554554,11692.1
589,Purchase,1.444184783,6599.14
589,Refi,1.085620873,11692.1
589,Refi,1.295774336,8260.36
589,Purchase,1.01339823,9919.24
589,Refi,1.027672,11692.1
589,Purchase,1.310077207,5078.01
589,Refi,1.353186854,7155.5
590,Refi,1.156636995,18386.27
590,Refi,1.16131866,18386.27
590,Refi,1.021510838,11692.1
590,Purchase,1.243367758,4993.62
590,Purchase,1.173252685,12868.4
590,Purchase,1.044094675,9919.24
590,Refi,1.071916714,11692.1
590,Refi,1.16779972,18386.27
591,Refi,1.263157528,30480.1
591,Purchase,1.448555781,4107.39
591,Refi,1.403927508,24423.83
591,Refi,1.406989247,24423.83
591,Refi,1.3539075,24423.83
591,Purchase,1.54962406,4269.2
592,Refi,1.238522813,30480.1
592,Refi,1.289346256,30480.1
592,Refi,1.403895208,24423.83
592,Purchase,1.068459631,5008.58
592,Refi,1.394257692,24423.83
592,Refi,1.309255008,30480.1
593,Refi,1.168875251,12144.35
593,Refi,1.134358373,12144.35
593,Refi,1.247601902,30480.1
593,Refi,1.202748936,12144.35
593,Refi,1.41812682,5169.34
593,Purchase,1.244607186,9955.78
593,Refi,1.270411268,30480.1
593,Refi,1.241625806,30480.1
593,Refi,0.61665467,1302.77
593,Purchase,1.340125964,4362.16
593,Refi,1.21811129,30480.1
593,Purchase,0.996085607,11583.17
593,Purchase,1.330442446,4362.16
593,Refi,1.348540511,24423.83
593,Refi,1.433189711,5169.34
593,Refi,1.241923015,30480.1
594,Refi,1.066587368,4538.8
594,Refi,1.338067941,24423.83
594,Refi,1.35,24423.83
594,Purchase,1.027938562,5008.58
594,Refi,1.273728086,30480.1
594,Refi,1.216640888,30480.1
594,Refi,1.183598972,12144.35
594,Refi,1.360092605,24423.83
594,Refi,1.249975705,30480.1
594,Refi,1.340763775,24423.83
594,Refi,1.399823625,24423.83
594,Purchase,0.903127072,2396.43
594,Refi,1.230777634,30480.1
594,Purchase,1.422432215,4107.39
594,Refi,1.409090248,24423.83
595,Refi,1.266887912,30480.1
595,Refi,1.397533632,24423.83
595,Purchase,0.523651866,1570.4
595,Purchase,0.766719011,774.6
595,Purchase,0.998740645,11583.17
595,Purchase,1.131030228,13610.98
595,Purchase,1.143098104,13610.98
595,Refi,1.278463768,30480.1
595,Purchase,0.863861646,2396.43
595,Refi,1.28369484,30480.1
595,Refi,1.320199167,24423.83
595,Refi,1.021330481,4538.8
596,Refi,1.214774286,30480.1
596,Refi,0.998679637,6124.1
596,Refi,0.862928313,2883.83
596,Refi,1.107376299,4538.8
596,Refi,1.133150142,12144.35
596,Purchase,0.515921654,1570.4
596,Refi,1.550318182,2453.66
596,Refi,1.38975,24423.83
596,Refi,1.107530348,4538.8
596,Refi,1.520433333,2453.66
596,Refi,0.888545854,2883.83
596,Refi,0.891900494,2883.83
597,Refi,1.357556291,24423.83
597,Purchase,1.047542459,5008.58
597,Refi,1.152841226,12144.35
597,Refi,1.434081605,5169.34
597,Refi,1.175658687,12144.35
597,Refi,1.137629834,12144.35
597,Purchase,1.179768511,13610.98
597,Purchase,1.305415195,9955.78
597,Purchase,1.022975059,5008.58
597,Refi,1.378205471,24423.83
597,Purchase,1.115303413,13610.98
597,Purchase,0.919115651,11583.17
597,Purchase,1.238094326,9955.78
597,Purchase,0.940015209,11583.17
598,Purchase,1.214372608,9955.78
598,Purchase,1.167572021,13610.98
598,Refi,0.961482091,6124.1
598,Purchase,1.025126844,5008.58
598,Refi,1.125611326,12144.35
598,Refi,0.952794402,6124.1
598,Refi,0.799603113,2100.11
598,Purchase,0.970511141,11583.17
599,Refi,1.339952063,24423.83
599,Refi,0.914669222,6124.1
599,Refi,1.148167598,12144.35
599,Refi,1.172790744,12144.35
599,Refi,1.339666667,24423.83
599,Refi,1.223738868,30480.1
599,Refi,1.246705018,30480.1
599,Refi,1.266518387,30480.1
599,Purchase,0.9282,11583.17
599,Refi,1.281987718,30480.1
599,Purchase,0.954100097,11583.17
599,Refi,1.291329483,30480.1
599,Refi,0.742556902,2100.11
600,Purchase,1.198142268,13610.98
600,Refi,1.258907563,30480.1
600,Refi,1.427941176,5169.34
600,Purchase,1.514453258,4269.2
600,Purchase,1.123559152,13610.98
600,Purchase,1.509217877,4107.39
600,Refi,1.184798851,12144.35
600,Refi,1.331796117,24423.83
601,Refi,1.283330556,13804.39
601,Refi,1.414803113,7013.91
601,Refi,1.064403769,17601.75
601,Refi,1.042400943,17601.75
601,Purchase,1.099130194,11747.83
601,Refi,1.373522523,22644.89
601,Refi,1.03290367,17601.75
601,Purchase,1.266271483,10151.62
601,Purchase,1.105277796,11747.83
601,Refi,0.985641169,4658.99
602,Refi,1.439560648,7013.91
602,Refi,0.847209464,1777.22
602,Refi,1.25478449,13804.39
602,Purchase,1.152545532,12853.5
602,Refi,1.401446384,22644.89
602,Refi,1.493744828,7013.91
602,Refi,1.206642763,26089.38
602,Refi,1.427711647,7013.91
602,Refi,1.373142043,22644.89
602,Refi,1.110953675,26089.38
602,Refi,1.125222331,26089.38
602,Refi,1.353826598,22644.89
602,Refi,1.293069637,13804.39
603,Refi,1.214426774,13804.39
603,Refi,1.355436212,22644.89
603,Purchase,1.214060743,10151.62
603,Refi,1.134050806,26089.38
603,Refi,1.259281404,13804.39
603,Refi,1.340920724,22644.89
603,Purchase,1.175156731,12853.5
603,Refi,1.171456354,26089.38
604,Refi,1.297977612,13804.39
604,Refi,1.344311823,22644.89
604,Purchase,1.261303797,10151.62
604,Purchase,1.297771429,10151.62
604,Purchase,1.436724694,2014.88
604,Refi,0.970064262,4658.99
604,Refi,1.194503817,26089.38
605,Refi,1.060364878,17601.75
605,Refi,1.315321442,22644.89
605,Refi,1.174068787,26089.38
605,Refi,1.03941896,17601.75
605,Refi,1.398240803,22644.89
605,Purchase,1.118718663,12853.5
605,Refi,1.121634711,26089.38
605,Refi,1.06714032,17601.75
605,Refi,1.173243314,26089.38
605,Refi,1.02542134,17601.75
605,Refi,0.994217096,4658.99
605,Refi,1.059653743,17601.75
605,Refi,1.036118361,17601.75
605,Refi,0.935716935,4658.99
605,Refi,1.304679365,13804.39
606,Purchase,1.059658058,11747.83
606,Refi,1.053898627,17601.75
606,Refi,1.518890874,3740
606,Refi,1.13027449,26089.38
606,Refi,1.4,22644.89
606,Refi,0.709711744,548.3
606,Refi,1.104703424,17601.75
606,Refi,1.317834197,22644.89
606,Refi,1.329423602,22644.89
606,Refi,1.438882412,7013.91
607,Refi,0.95420832,4658.99
607,Refi,1.091216613,17601.75
607,Refi,1.143929468,26089.38
607,Purchase,1.210608955,10151.62
607,Refi,1.34759744,22644.89
607,Refi,1.191719535,26089.38
608,Purchase,0.931190647,6182.74
608,Purchase,1.200684755,12853.5
608,Refi,1.069350788,17601.75
608,Refi,1.037424974,17601.75
608,Purchase,1.094896306,11747.83
608,Refi,1.294209445,13804.39
608,Refi,1.193623093,26089.38
608,Purchase,1.202125676,12853.5
608,Refi,1.331565031,22644.89
608,Purchase,1.154589799,12853.5
609,Refi,1.108973044,17601.75
609,Refi,1.284168794,13804.39
609,Refi,1.376370337,22644.89
609,Refi,1.30899808,13804.39
609,Refi,1.6,3740
609,Refi,1.155959531,26089.38
609,Refi,1.266502726,13804.39
609,Refi,1.18938012,26089.38
609,Purchase,0.947478585,6182.74
609,Refi,1.333694915,22644.89
609,Purchase,1.392913793,903.97
609,Purchase,0.956814639,6182.74
609,Refi,1.352283204,22644.89
610,Refi,1.024481375,17601.75
610,Purchase,1.036324378,11747.83
610,Refi,0.864252507,1777.22
610,Purchase,0.691296923,1703.41
610,Refi,1.179838462,26089.38
610,Purchase,1.1794704,12853.5
610,Refi,1.120860274,26089.38
610,Refi,1.146856104,26089.38
610,Purchase,0.951504925,6182.74
611,Purchase,1.242226929,13670.84
611,Refi,1.329527485,15021.15
611,Refi,1.204068712,16930.06
611,Refi,0.852455459,1487.54
611,Purchase,1.134194872,11462.69
611,Refi,1.314933889,15021.15
611,Refi,1.352455304,15021.15
611,Refi,1.143896471,16930.06
611,Purchase,1.12664,11462.69
611,Refi,1.129822542,16930.06
611,Refi,1.507070707,15663.33
611,Refi,1.144821264,16930.06
611,Refi,1.422688177,15663.33
611,Purchase,1.216043357,13670.84
611,Refi,1.4,15021.15
611,Purchase,1.052212639,15750.52
612,Refi,1.384287395,15021.15
612,Refi,1.442584404,15663.33
612,Refi,1.156322179,16930.06
612,Refi,1.298248584,21578.62
612,Refi,1.007681273,7635.5
612,Refi,1.490432,15663.33
612,Refi,1.056776417,5786.01
612,Purchase,1.057090204,15750.52
612,Refi,1.454260708,15663.33
612,Purchase,1.006082474,5766.16
612,Refi,1.366187143,15021.15
612,Refi,1.48541963,15663.33
612,Purchase,1.000626907,5766.16
612,Purchase,1.065422733,15750.52
612,Purchase,1.134449123,11462.69
612,Refi,1.435530141,15663.33
612,Refi,1.042840816,5786.01
612,Refi,1.127021891,16930.06
612,Refi,1.08888121,5786.01
613,Refi,1.283033289,21578.62
613,Refi,0.913245878,7635.5
613,Refi,1.190319298,16930.06
613,Refi,0.474029032,666.37
614,Refi,0.963557794,7635.5
614,Refi,1.251765043,21578.62
614,Purchase,1.084150909,15750.52
614,Purchase,0.952329019,5766.16
614,Refi,1.373851803,15021.15
614,Purchase,1.097637984,15750.52
614,Purchase,0.906616495,6381.61
614,Purchase,0.783606679,#REF!
614,Purchase,1.041768271,15750.52
615,Purchase,0.848387879,6381.61
615,Refi,1.197144538,16930.06
615,Refi,1.397380255,15021.15
615,Refi,1.222888176,21578.62
615,Purchase,1.411442308,2490.39
615,Refi,1.152679749,16930.06
615,Refi,0.899695128,1487.54
616,Purchase,0.904991216,6381.61
616,Refi,1.373836786,15021.15
616,Purchase,1.161026738,11462.69
616,Refi,1.287751938,21578.62
616,Refi,1.184697378,16930.06
616,Refi,1.176398606,16930.06
616,Purchase,1.244677419,13670.84
616,Refi,1.29743907,21578.62
616,Refi,1.421258228,15663.33
616,Refi,1.390376344,15021.15
616,Refi,1.144950212,16930.06
616,Refi,1.749442857,513.32
616,Refi,1.217262248,21578.62
616,Purchase,1.157364486,11462.69
616,Purchase,1.066357775,15750.52
616,Purchase,1.088074255,15750.52
617,Purchase,0.848718261,6381.61
617,Purchase,0.739991241,3169.1
617,Purchase,1.081673714,15750.52
617,Refi,1.42399841,15663.33
617,Refi,1.27046087,21578.62
617,Refi,1.421621622,15663.33
617,Purchase,0.762903349,3169.1
617,Refi,1.234128119,21578.62
617,Refi,1.290378485,21578.62
617,Refi,0.67816177,1730.06
617,Refi,1.173211546,16930.06
618,Refi,1.263873147,21578.62
618,Purchase,1.042926848,15750.52
618,Purchase,1.397262745,280.59
618,Purchase,0.651465798,524
618,Refi,1.2417,21578.62
618,Refi,1.237151549,21578.62
618,Purchase,1.291360208,13670.84
618,Purchase,1.275176563,13670.84
618,Purchase,0.880253409,6381.61
618,Refi,0.962738355,7635.5
619,Purchase,0.497512438,465.64
619,Refi,1.346913808,15021.15
619,Purchase,1.039927461,15750.52
619,Purchase,0.935576015,5766.16
619,Refi,1.30384911,21578.62
619,Refi,1.593130298,3533.58
619,Purchase,0.361856655,516.39
619,Refi,1.046915888,5786.01
619,Refi,0.970098571,7635.5
619,Purchase,1.076398174,15750.52
620,Refi,1.312598883,15021.15
620,Refi,1.261953488,21578.62
620,Purchase,0.860003724,6381.61
620,Purchase,0.973258383,5766.16
620,Refi,1.268480899,21578.62
620,Refi,1.175193979,16930.06
620,Purchase,1.247477895,13670.84
620,Refi,1.53429927,3533.58
620,Refi,0.592929782,605.1
620,Purchase,1.229034437,13670.84
621,Refi,1.406107216,31720.69
621,Refi,0.891586175,2345.37
621,Refi,1.452607947,16864.6
621,Purchase,1.274700337,12258.97
621,Refi,1.145504848,17720.36
621,Refi,1.486246729,16864.6
621,Refi,1.196281301,17720.36
621,Refi,1.045006959,9862.07
621,Refi,1.177850299,17720.36
621,Refi,1.29576826,27286.16
621,Refi,1.290666033,27286.16
621,Refi,1.312384615,31720.69
621,Purchase,1.409349485,12061.58
622,Refi,1.201248705,17720.36
622,Refi,1.407811255,31720.69
622,Refi,1.100142529,9862.07
622,Refi,1.294364592,27286.16
622,Refi,1.485475,16864.6
622,Refi,1.47,16864.6
622,Purchase,1.049896592,10345.1
622,Refi,1.278338922,27286.16
622,Refi,1.238691032,27286.16
622,Refi,1.021691241,9862.07
622,Refi,1.276225979,27286.16
622,Purchase,1.187904147,14357.93
622,Refi,1.310883582,31720.69
622,Refi,1.346641333,31720.69
622,Refi,1.402937587,31720.69
622,Refi,1.44056692,16864.6
622,Refi,1.045876446,9862.07
622,Purchase,1.303953575,12258.97
623,Refi,1.059948603,9862.07
623,Purchase,1.093694635,10345.1
623,Refi,1.409451501,31720.69
623,Refi,1.304665811,27286.16
623,Refi,1.398960483,31720.69
623,Refi,1.357201533,31720.69
623,Purchase,1.244780995,12258.97
623,Purchase,1.156863132,14357.93
623,Refi,0.829991545,2345.37
623,Purchase,0.821126984,4805.9
624,Purchase,1.036158917,10345.1
624,Refi,1.226674302,27286.16
624,Refi,1.406272222,31720.69
624,Refi,1.175745744,17720.36
624,Refi,0.464714715,492.45
624,Refi,1.291158685,27286.16
624,Purchase,0.915923183,3361.72
624,Purchase,1.366119167,12061.58
624,Purchase,1.185018667,14357.93
624,Purchase,1.366970044,12061.58
624,Refi,1.427619568,16864.6
624,Refi,1.385954084,31720.69
624,Refi,1.332226752,31720.69
624,Refi,1.062706077,9862.07
624,Refi,1.345120715,31720.69
625,Refi,1.167044136,17720.36
625,Purchase,0.897780707,4805.9
625,Refi,1.193458294,17720.36
625,Refi,1.231382039,27286.16
625,Purchase,1.25197549,12258.97
625,Refi,1.261779028,27286.16
625,Refi,1.049413149,9862.07
625,Refi,1.282020431,27286.16
625,Refi,0.993483158,4894.84
625,Purchase,0.880508451,4805.9
625,Purchase,1.366297143,12061.58
625,Purchase,1.144702247,14357.93
625,Refi,1.439678261,16864.6
625,Refi,1.160264471,17720.36
625,Purchase,1.129928163,14357.93
626,Refi,1.169635386,17720.36
626,Refi,1.111831953,17720.36
626,Refi,1.132445283,17720.36
626,Refi,1.350431779,31720.69
626,Refi,1.325794409,31720.69
626,Purchase,1.567729754,2196.19
626,Purchase,1.154142092,14357.93
626,Purchase,1.259792442,12258.97
626,Refi,0.985731526,4894.84
626,Refi,1.4,31720.69
626,Refi,1.503956863,16864.6
626,Refi,1.27236396,27286.16
627,Refi,1.379319171,31720.69
627,Purchase,1.236602899,12258.97
627,Purchase,1.023854005,10345.1
627,Purchase,0.733746185,#REF!
627,Refi,1.190263872,17720.36
627,Purchase,1.176347475,14357.93
627,Purchase,1.019154321,10345.1
627,Refi,1.116633731,17720.36
627,Refi,1.276553563,27286.16
627,Refi,1.264748115,27286.16
627,Refi,1.423721212,16864.6
627,Refi,0.717866932,1806.64
628,Refi,1.358791886,31720.69
628,Purchase,0.989696835,3361.72
628,Refi,1.290549136,27286.16
628,Refi,0.991615851,4894.84
628,Purchase,0.951477209,3361.72
628,Refi,1.217640845,27286.16
628,Refi,1.385215176,31720.69
628,Refi,0.978462349,4894.84
628,Purchase,0.468087056,576.74
628,Refi,1.243994444,27286.16
628,Refi,1.347509554,31720.69
628,Refi,1.320390769,31720.69
629,Refi,1.409214742,31720.69
629,Refi,1.166320422,17720.36
629,Refi,1.460641551,16864.6
629,Refi,0.992277095,4894.84
629,Refi,1.286947088,27286.16
629,Purchase,1.13002517,14357.93
629,Refi,0.94816872,4894.84
629,Refi,1.070717875,9862.07
630,Refi,1.360601936,31720.69
630,Refi,1.100962014,9862.07
630,Refi,1.281345055,27286.16
630,Refi,1.342610338,31720.69
630,Purchase,1.338123128,12061.58
630,Purchase,0.72635443,1780.04
630,Purchase,1.01470989,10345.1
630,Refi,1.36606416,31720.69
630,Purchase,1.104525714,10345.1
630,Refi,1.212716574,27286.16
630,Refi,1.446481625,16864.6
631,Purchase,0.95798842,8544.17
631,Refi,1.189946599,23425.14
631,Refi,1.205865586,23425.14
631,Refi,1.47,8268.5
631,Refi,1.122163265,23425.14
631,Refi,1.394250407,21017.38
631,Refi,1.34709071,21017.38
631,Refi,1.055642705,4645.55
631,Refi,1.371375636,21017.38
631,Refi,1.409180786,21017.38
631,Refi,1.145896216,23425.14
631,Purchase,1.150145534,25940.64
631,Refi,1.364929524,21017.38
632,Refi,1.251532919,19130.86
632,Refi,0.911243388,6320.84
632,Refi,1.293632778,19130.86
632,Refi,1.178758177,23425.14
632,Refi,1.177580685,23425.14
632,Refi,1.369739552,21017.38
632,Purchase,1.050269366,11782.93
632,Refi,1.094624521,4645.55
632,Refi,1.179653846,23425.14
632,Refi,1.162735547,23425.14
632,Purchase,0.553705964,#REF!
632,Refi,0.881004665,4399.11
632,Purchase,1.207114591,25940.64
632,Purchase,0.513100346,2626.63
632,Refi,1.437680834,8268.5
633,Purchase,1.047311765,11782.93
633,Purchase,1.220688383,13532.02
633,Purchase,0.458072,608.33
633,Refi,1.179995859,23425.14
633,Purchase,1.335841742,8203.51
633,Refi,1.305646329,19130.86
633,Purchase,1.300209424,13532.02
633,Refi,0.902808108,4399.11
633,Refi,1.263918575,19130.86
633,Purchase,1.079888158,11782.93
633,Purchase,0.796858504,#REF!
633,Refi,1.1903488,23425.14
634,Refi,1.311832391,21017.38
634,Refi,1.392389071,21017.38
634,Purchase,1.202605634,25940.64
634,Purchase,1.398937652,8203.51
634,Purchase,1.275162617,13532.02
634,Refi,1.263703529,19130.86
634,Purchase,1.153853763,25940.64
634,Refi,1.140135117,23425.14
634,Refi,1.466547416,8268.5
635,Refi,0.975541935,6320.84
635,Refi,0.986315912,6320.84
635,Refi,1.310430851,21017.38
635,Refi,1.16636861,23425.14
635,Purchase,1.101985185,11782.93
635,Refi,0.962668174,6320.84
635,Purchase,1.133894884,25940.64
635,Refi,1.271301558,19130.86
635,Refi,1.302918455,19130.86
635,Purchase,1.044843584,11782.93
635,Purchase,0.977897854,8544.17
635,Refi,1.333400849,21017.38
635,Purchase,1.008833818,8544.17
635,Refi,1.164835714,23425.14
635,Refi,1.060689408,4645.55
636,Refi,1.40886431,21017.38
636,Refi,1.333213216,21017.38
636,Purchase,1.050749171,11782.93
636,Purchase,0.913361111,8544.17
636,Refi,0.960629014,6320.84
636,Purchase,1.102961983,11782.93
636,Purchase,1.198616316,25940.64
637,Refi,1.457482813,8268.5
637,Refi,1.455541562,8268.5
637,Purchase,0.972050704,8544.17
637,Refi,1.179223824,23425.14
637,Refi,1.114595804,23425.14
637,Purchase,0.745507347,6112.36
637,Purchase,1.077985507,11782.93
637,Purchase,1.131683284,25940.64
637,Refi,1.151699659,23425.14
638,Refi,1.270959742,19130.86
638,Purchase,1.197509877,25940.64
638,Purchase,1.340223714,8203.51
638,Refi,1.389878919,21017.38
638,Purchase,1.062713278,11782.93
638,Refi,1.011345455,4645.55
638,Purchase,1.232420339,13532.02
638,Purchase,1.388843421,8203.51
638,Purchase,0.825145622,522.82
638,Refi,1.112248175,23425.14
638,Refi,1.466612317,8268.5
638,Purchase,0.947355763,8544.17
638,Refi,1.271059919,19130.86
639,Purchase,1.034559889,11782.93
639,Purchase,1.260114587,13532.02
639,Purchase,0.960085246,8544.17
639,Refi,1.039928713,4645.55
639,Refi,0.887586191,4399.11
639,Refi,1.265155443,19130.86
639,Refi,1.223634951,19130.86
639,Purchase,1.209648413,25940.64
639,Refi,1.376391011,21017.38
639,Purchase,0.931022222,8544.17
639,Refi,1.342737815,21017.38
639,Refi,1.153322361,23425.14
639,Refi,1.343244055,21017.38
639,Refi,1.268163955,19130.86
639,Purchase,1.514889362,2721.84
639,Purchase,1.254987368,13532.02
639,Refi,1.253564146,19130.86
640,Purchase,1.223629425,13532.02
640,Refi,1.200731773,23425.14
640,Purchase,0.987883735,8544.17
640,Purchase,1.143497389,25940.64
640,Refi,1.363678495,21017.38
640,Purchase,0.929611533,8544.17
640,Refi,1.334181065,21017.38
640,Refi,1.222151515,19130.86
640,Purchase,1.116950538,25940.64
640,Purchase,0.803043664,6112.36
640,Purchase,1.087956098,11782.93
640,Refi,1.423832483,8268.5
640,Purchase,0.734384633,6112.36
640,Refi,1.574354808,1200.4
641,Refi,1.430941802,11974.21
641,Refi,1.312109136,21537.53
641,Purchase,1.199503263,9618.1
641,Refi,0.960126246,12580.32
641,Refi,1.574034177,2052.09
641,Refi,1.178207715,17577.06
641,Refi,1.263426367,30066.26
641,Purchase,1.394523383,3884.79
641,Purchase,1.105268,15471.85
642,Purchase,1.210229692,9834.24
642,Purchase,1.02234676,15471.85
642,Purchase,0.823769697,2427.49
642,Purchase,1.19337732,9618.1
642,Refi,1.220406962,30066.26
642,Purchase,1.242051661,9834.24
642,Purchase,1.097833656,15471.85
642,Refi,0.823705644,2960.28
642,Refi,1.247409982,30066.26
642,Refi,1.317117904,21537.53
642,Refi,1.044880072,8016.17
642,Refi,1.09376,8016.17
642,Refi,0.992781612,12580.32
642,Purchase,1.324456129,3884.79
642,Refi,1.314459858,21537.53
643,Refi,0.959445017,12580.32
643,Purchase,1.300323769,9834.24
643,Refi,1.234598564,30066.26
643,Refi,1.259835583,30066.26
643,Purchase,1.291897119,9834.24
643,Refi,1.516193878,2052.09
643,Purchase,1.338612579,3884.79
643,Refi,1.325997778,21537.53
643,Purchase,1.103976132,15471.85
643,Refi,1.488088643,11974.21
643,Refi,1.374849817,21537.53
644,Refi,1.327909091,21537.53
644,Purchase,1.044300626,15471.85
644,Refi,1.292839189,30066.26
644,Purchase,0.983947612,9636.61
644,Refi,1.464376355,11974.21
644,Refi,0.869627119,2960.28
644,Refi,1.397445833,21537.53
644,Refi,1.316149268,21537.53
644,Refi,1.11707907,17577.06
644,Purchase,1.090598639,15471.85
644,Purchase,1.141337218,9618.1
644,Purchase,1.004588889,9636.61
644,Refi,1.335996226,21537.53
644,Refi,1.171834776,17577.06
644,Refi,1.240402609,30066.26
644,Refi,1.271254444,30066.26
644,Refi,0.976267073,12580.32
644,Refi,1.430714451,11974.21
644,Purchase,1.196008677,9618.1
644,Refi,1.290438839,30066.26
645,Refi,0.85565,2960.28
645,Refi,1.355772792,21537.53
645,Refi,1.350810127,21537.53
645,Refi,1.387443796,21537.53
645,Refi,1.104053152,8016.17
645,Purchase,1.015362832,15471.85
645,Purchase,0.877481081,2427.49
645,Refi,1.164921379,17577.06
645,Refi,1.252865107,30066.26
645,Purchase,1.140028478,9618.1
645,Purchase,1.019139373,15471.85
645,Refi,1.34396501,21537.53
645,Refi,1.495221087,11974.21
646,Purchase,0.825403297,2427.49
646,Purchase,0.911636443,9636.61
646,Refi,1.277386283,30066.26
646,Purchase,1.114769796,9618.1
646,Refi,1.446764706,11974.21
646,Refi,1.145958643,17577.06
646,Refi,1.304816856,30066.26
646,Refi,0.967522677,12580.32
647,Refi,1.267713981,30066.26
647,Refi,1.169465015,17577.06
647,Refi,1.15099008,17577.06
647,Refi,1.128231845,17577.06
647,Purchase,0.929659929,9636.61
647,Refi,1.146314591,17577.06
647,Refi,0.997195883,12580.32
647,Refi,1.321185325,21537.53
647,Refi,1.247370811,30066.26
647,Refi,1.423565579,11974.21
647,Refi,1.083549645,8016.17
648,Refi,1.041378523,8016.17
648,Refi,1.387268347,21537.53
648,Purchase,1.237032012,9834.24
648,Purchase,1.107783529,15471.85
648,Refi,1.252140426,30066.26
648,Refi,1.032837377,8016.17
648,Refi,0.975019585,12580.32
648,Refi,1.246893869,30066.26
648,Refi,1.172265625,17577.06
649,Refi,1.37374128,21537.53
649,Purchase,0.920230753,9636.61
649,Refi,1.282246038,30066.26
649,Purchase,0.991611111,9636.61
649,Refi,0.976795105,12580.32
649,Refi,1.174346816,17577.06
649,Refi,1.110841379,17577.06
649,Refi,1.24094897,30066.26
649,Purchase,0.944464516,9636.61
649,Refi,1.256363719,30066.26
649,Refi,1.4591179,11974.21
649,Purchase,0.810143541,2427.49
649,Refi,1.453407557,11974.21
650,Refi,1.080749354,8016.17
650,Refi,1.241501404,30066.26
650,Purchase,0.719875339,1265.42
650,Purchase,0.961299688,9636.61
650,Purchase,1.437395506,899
650,Purchase,0.408935455,1150.91
650,Purchase,1.211721663,9834.24
650,Purchase,1.053176768,15471.85
650,Refi,1.268616306,30066.26
650,Purchase,1.246865814,9834.24
650,Refi,1.188003288,17577.06
651,Refi,1.267336111,19656.55
651,Purchase,1.298777324,7763.59
651,Purchase,1.50109145,4467.76
651,Refi,1.167136673,12453.34
651,Refi,1.258518443,19656.55
651,Refi,1.365528878,19768.57
651,Refi,1.226099802,19656.55
651,Purchase,1.115006316,19787.16
651,Purchase,1.396977778,2624.07
651,Purchase,0.978056125,5831.41
651,Purchase,1.009462069,5831.41
651,Refi,0.594752275,732.05
651,Refi,1.340274956,19768.57
651,Purchase,1.41100813,4467.76
651,Refi,1.278711026,19656.55
651,Refi,0.757167454,1752.54
652,Refi,1.363228096,19768.57
652,Refi,1.354064748,19768.57
652,Refi,0.930396296,10531.78
652,Refi,1.231282574,19656.55
652,Refi,1.412819527,12742.65
652,Refi,1.339827129,19768.57
652,Refi,1.183625907,12453.34
652,Purchase,1.075013793,1061.78
652,Refi,1.073516632,6670.78
652,Refi,1.111431967,12453.34
652,Refi,1.411500599,12742.65
652,Refi,1.278443129,19656.55
653,Refi,1.434830508,12742.65
653,Purchase,1.11520338,19787.16
653,Purchase,1.221802935,7763.59
653,Refi,1.479241837,12742.65
653,Purchase,1.188608026,19787.16
653,Purchase,1.267512253,7763.59
653,Refi,1.169884823,12453.34
653,Refi,1.429584466,12742.65
654,Refi,1.277289788,19656.55
654,Purchase,1.173071945,19787.16
654,Purchase,0.855704658,3171.93
654,Refi,1.449902273,12742.65
654,Refi,1.372087648,19768.57
654,Refi,0.874737235,2568.09
654,Refi,0.971327027,10531.78
654,Purchase,0.989814137,5831.41
654,Refi,0.927505536,10531.78
654,Purchase,1.186719835,19787.16
654,Refi,1.12393713,12453.34
654,Refi,1.214824595,19656.55
654,Purchase,1.026013926,1061.78
654,Purchase,0.854103004,3171.93
655,Refi,1.347376552,19768.57
655,Refi,1.533147253,1216.91
655,Purchase,1.035411659,1061.78
655,Purchase,1.084269975,1061.78
655,Purchase,0.953809808,5831.41
655,Refi,0.960530363,10531.78
655,Refi,1.232968,19656.55
655,Purchase,1.165930243,19787.16
655,Refi,1.458259843,12742.65
655,Refi,1.218467606,19656.55
655,Refi,0.971776332,10531.78
655,Refi,1.337641189,19768.57
656,Refi,0.959984113,10531.78
656,Refi,1.342024707,19768.57
656,Purchase,1.027995628,1061.78
656,Refi,1.336256881,19768.57
656,Purchase,1.102619565,1061.78
656,Refi,1.794221965,2384.6
656,Purchase,1.166711276,19787.16
656,Refi,1.192361905,12453.34
656,Refi,1.304146901,19656.55
656,Refi,1.265447385,19656.55
656,Refi,1.194149495,12453.34
656,Refi,1.322372107,19768.57
657,Refi,0.864891014,2568.09
657,Refi,0.960233473,10531.78
657,Purchase,1.26976368,7763.59
657,Purchase,1.16283187,19787.16
657,Refi,1.395654,19768.57
657,Purchase,0.802387962,#REF!
657,Refi,1.183960578,12453.34
657,Refi,1.289720291,19656.55
657,Refi,1.114927979,12453.34
658,Purchase,1.073102258,1061.78
658,Refi,1.099454472,6670.78
658,Purchase,1.178929231,19787.16
658,Refi,1.425292698,12742.65
658,Purchase,0.908959436,3171.93
658,Refi,0.848556115,2568.09
658,Refi,1.449921507,12742.65
658,Purchase,1.246726298,7763.59
658,Refi,1.475014444,12742.65
658,Refi,1.100784601,6670.78
658,Refi,1.287029808,19656.55
659,Refi,1.20950269,12453.34
659,Purchase,0.990922543,5831.41
659,Refi,1.405365536,19768.57
659,Refi,1.315385567,19768.57
659,Refi,1.345134537,19768.57
659,Refi,1.264061899,19656.55
660,Refi,0.916316456,10531.78
660,Purchase,0.737834211,4867.71
660,Refi,1.165316388,12453.34
660,Refi,1.481398142,12742.65
660,Purchase,0.758789091,4867.71
660,Purchase,1.06432019,1061.78
660,Refi,1.442226972,12742.65
660,Purchase,1.502379097,4467.76
660,Purchase,1.312388501,2624.07
660,Purchase,1.188903226,19787.16
660,Refi,1.013723425,6670.78
661,Refi,1.143014041,7926.19
661,Purchase,1.311783251,8295.79
661,Purchase,0.939607143,6337.55
661,Refi,0.921196241,2349.79
661,Purchase,1.167451641,12232.57
661,Refi,0.783623757,2211.87
661,Refi,1.241679913,9029.4
662,Refi,1.364448433,5395.02
662,Purchase,1.049123457,16891.06
662,Refi,0.831334054,3131.03
662,Refi,1.82572,481.57
662,Purchase,1.108870426,16891.06
662,Refi,1.261594719,9029.4
662,Purchase,1.368212821,8295.79
662,Purchase,1.033047742,16891.06
662,Purchase,0.513210112,594.78
662,Refi,1.374203796,5395.02
662,Purchase,1.249680297,10617.65
662,Refi,1.584762212,3858.48
662,Purchase,0.476888889,2463.72
662,Refi,1.176049187,7926.19
662,Purchase,1.120869735,12232.57
663,Refi,1.354880964,5395.02
663,Refi,0.829055452,3131.03
663,Refi,1.308903896,9029.4
663,Purchase,1.417558887,2732.33
663,Purchase,1.077703967,16891.06
663,Purchase,1.073760504,16891.06
663,Refi,1.038616718,9289.23
663,Purchase,1.310004959,8295.79
663,Refi,1.47293578,10449.17
664,Refi,1.440956677,10449.17
664,Refi,1.126984089,7926.19
664,Refi,1.21590026,9029.4
664,Purchase,0.953469779,6337.55
664,Purchase,1.261543174,10617.65
665,Refi,1.447152216,10449.17
665,Purchase,1.372841131,8295.79
665,Refi,1.051246018,9289.23
665,Refi,1.123811343,7926.19
665,Refi,1.544572954,3858.48
665,Refi,0.870078049,3131.03
665,Purchase,1.419778144,2732.33
665,Purchase,1.19645832,12232.57
665,Purchase,0.884037657,2765.89
665,Refi,1.095942387,9289.23
665,Refi,1.434048411,10449.17
665,Purchase,0.839937459,2765.89
665,Purchase,0.994091503,6337.55
665,Purchase,0.96195186,6337.55
665,Purchase,1.015341692,16891.06
665,Refi,1.023528571,9289.23
666,Refi,0.965973397,2349.79
666,Purchase,0.823718612,2765.89
666,Purchase,1.351749831,8295.79
666,Refi,1.030471661,9289.23
666,Purchase,1.156218623,12232.57
666,Refi,1.336670804,5395.02
666,Refi,1.578670036,3858.48
666,Refi,1.265200472,9029.4
667,Refi,1.197238814,7926.19
667,Refi,1.038070928,9289.23
667,Purchase,1.3056848,10617.65
667,Purchase,1.15236615,12232.57
667,Refi,1.084596759,9289.23
667,Refi,1.235199156,9029.4
667,Purchase,0.708166134,#REF!
667,Purchase,1.050251672,16891.06
668,Refi,1.424045791,10449.17
668,Purchase,1.168870523,12232.57
668,Refi,0.963075325,2349.79
668,Purchase,0.994488471,6337.55
668,Purchase,0.985824,6337.55
668,Refi,1.079196873,9289.23
669,Refi,1.49114749,10449.17
669,Refi,1.172232548,7926.19
669,Refi,1.292838974,9029.4
669,Refi,1.435927321,10449.17
669,Purchase,0.972741388,6337.55
670,Purchase,0.732279612,#REF!
670,Purchase,1.225583917,10617.65
670,Purchase,1.034,16891.06
670,Purchase,0.668156109,1586.9
670,Purchase,0.962007782,6337.55
670,Purchase,1.067019469,16891.06
671,Purchase,1.412034851,6692.42
671,Purchase,1.028948498,10234.23
671,Purchase,1.410468303,6692.42
671,Purchase,0.943325153,10159.89
671,Refi,1.21163062,14937.6
671,Purchase,1.113889559,23325.29
671,Refi,1.198897742,11172.58
671,Refi,1.304053818,14937.6
671,Refi,1.455182609,7758.33
671,Purchase,1.5285959,4134.28
672,Refi,1.308030189,14937.6
672,Refi,1.25286176,14937.6
672,Refi,1.251653237,14937.6
672,Refi,1.15258673,11172.58
672,Purchase,1.030282407,10234.23
672,Refi,1.405269081,14299.86
672,Purchase,1.208193435,23325.29
672,Refi,1.333796923,14299.86
672,Refi,0.962167089,1848.2
672,Purchase,0.90385974,4685.84
672,Purchase,1.153617582,23325.29
673,Refi,1.475821229,7758.33
673,Refi,1.471754676,7758.33
673,Refi,0.705967687,1438.08
673,Purchase,1.213162861,8383.65
673,Purchase,1.335882759,15461.89
673,Purchase,1.199823697,23325.29
673,Refi,1.392983595,14299.86
673,Refi,1.336723537,14299.86
673,Purchase,1.30593507,8383.65
674,Purchase,1.548935968,4134.28
674,Purchase,1.196049921,23325.29
674,Purchase,1.03526729,10234.23
674,Refi,1.027645754,4837.89
674,Purchase,0.855389787,4685.84
674,Purchase,0.914955128,10159.89
674,Purchase,0.913596825,10159.89
674,Purchase,0.845705072,4685.84
674,Refi,1.186075067,11172.58
675,Refi,1.263190106,14937.6
675,Refi,1.265281003,14937.6
675,Purchase,1.019476208,10234.23
675,Purchase,1.102990991,10234.23
675,Purchase,1.3468,15461.89
675,Purchase,1.394906294,15461.89
675,Purchase,0.786047761,#REF!
675,Refi,1.241738215,14937.6
675,Purchase,0.739781283,4785.23
675,Purchase,1.138830181,23325.29
676,Purchase,0.80552,4785.23
676,Purchase,1.162085567,23325.29
676,Purchase,1.417818053,6692.42
676,Refi,1.335519318,14299.86
676,Purchase,1.107030709,10234.23
676,Purchase,1.005824427,10159.89
676,Purchase,1.370485714,15461.89
676,Purchase,1.152040981,23325.29
676,Refi,0.61662419,1438.08
677,Purchase,0.966820084,10159.89
677,Refi,1.132709787,11172.58
677,Refi,1.379516216,14299.86
677,Purchase,1.114650471,23325.29
677,Refi,1.172627027,11172.58
677,Refi,0.977480399,1848.2
677,Refi,0.868712948,1554.2
677,Purchase,1.400250801,15461.89
677,Refi,1.519291892,1181.44
677,Refi,1.17452678,11172.58
677,Purchase,1.202074074,23325.29
677,Purchase,1.246330271,8383.65
677,Refi,1.326106314,14299.86
677,Refi,1.406626301,14299.86
678,Refi,1.177674858,11172.58
678,Refi,1.12437847,11172.58
678,Purchase,0.950048889,10159.89
678,Purchase,0.914943495,10159.89
678,Purchase,1.006277778,10159.89
678,Purchase,1.326654682,15461.89
678,Purchase,1.576799213,4134.28
678,Refi,1.283245882,14937.6
678,Purchase,1.271576429,8383.65
678,Purchase,1.731192661,2186.58
678,Refi,1.09403992,4837.89
678,Purchase,1.022616797,10234.23
678,Purchase,1.072560941,10234.23
678,Purchase,1.122589398,23325.29
678,Purchase,0.928723054,10159.89
679,Purchase,0.857677547,4685.84
679,Refi,1.410003399,7758.33
679,Refi,1.413221114,7758.33
679,Purchase,1.116094015,23325.29
679,Purchase,0.767170498,4785.23
679,Refi,1.172131423,11172.58
679,Purchase,1.356226918,15461.89
679,Purchase,1.393874223,15461.89
679,Refi,0.953592687,1848.2
679,Refi,1.172941722,11172.58
680,Purchase,1.00991954,10159.89
680,Refi,1.402059526,14299.86
680,Refi,0.733003476,589
680,Refi,1.383232184,14299.86
680,Refi,1.261410909,14937.6
680,Refi,1.17332894,11172.58
680,Refi,1.240055678,14937.6
680,Refi,1.106076691,4837.89
681,Refi,1.41739854,10180.05
681,Refi,1.146610056,8264.09
681,Refi,1.087956127,8661.03
681,Purchase,0.845954259,7774.33
681,Purchase,1.279417739,8774.04
681,Purchase,1.363601,12974.72
681,Refi,1.341657793,8366.63
681,Purchase,1.322569388,12974.72
681,Purchase,1.21705035,8774.04
681,Purchase,1.197074678,12378.46
682,Purchase,1.301135294,8774.04
682,Refi,1.437805128,10180.05
682,Purchase,1.039804896,10344.03
682,Refi,1.116011067,8264.09
682,Purchase,1.302633975,8774.04
682,Refi,1.113391864,8264.09
682,Refi,1.710026459,900.67
682,Purchase,0.748642171,#REF!
682,Refi,1.049661133,8661.03
682,Purchase,1.269118182,8774.04
682,Refi,1.20572381,8264.09
682,Purchase,1.029975313,10344.03
683,Purchase,0.973855482,6528.08
683,Purchase,1.016494603,10344.03
683,Refi,1.231456881,9769.96
683,Purchase,0.887478555,7774.33
683,Purchase,1.140548263,12378.46
683,Purchase,1.167436522,12378.46
683,Purchase,1.124413711,12378.46
683,Refi,1.554840662,4546.44
683,Refi,1.422994872,10180.05
684,Refi,1.186816525,8264.09
684,Purchase,1.837656269,1265.57
684,Purchase,1.072950833,10344.03
684,Refi,1.24946005,9769.96
684,Purchase,0.509556719,1708.62
684,Refi,0.974294915,2830.63
684,Purchase,1.122069866,12378.46
684,Refi,0.956948043,2830.63
684,Refi,1.342922473,8366.63
685,Refi,1.332078313,8366.63
685,Purchase,0.921746606,6528.08
685,Refi,1.149498012,8264.09
685,Refi,1.372462992,8366.63
685,Refi,1.370618225,8366.63
685,Purchase,1.052698246,10344.03
685,Purchase,0.619259955,#REF!
685,Purchase,1.582523288,3149.89
685,Purchase,1.356022663,12974.72
686,Purchase,0.833423708,7774.33
686,Purchase,1.394697532,12974.72
686,Purchase,0.96443662,6528.08
686,Refi,1.460881106,10180.05
687,Refi,1.1057066,8661.03
687,Refi,1.067104762,8661.03
687,Refi,1.270006939,9769.96
687,Purchase,0.955014493,6528.08
687,Purchase,0.568181818,627.51
687,Purchase,1.098016254,10344.03
687,Purchase,0.900673181,7774.33
687,Purchase,0.943215639,6528.08
687,Purchase,1.093239852,10344.03
687,Refi,1.227362928,9769.96
687,Purchase,0.737783673,2981.78
688,Refi,0.976894938,2830.63
688,Purchase,0.688440538,5425.8
688,Purchase,1.032673546,10344.03
688,Purchase,0.973691332,6528.08
688,Refi,0.756864092,1814.41
688,Refi,1.533428667,4546.44
688,Purchase,0.972649192,6528.08
689,Purchase,0.635709201,5425.8
689,Refi,1.035463558,8661.03
689,Purchase,1.166698927,12378.46
689,Refi,1.435102439,10180.05
689,Refi,1.484012968,10180.05
689,Purchase,0.884,7774.33
689,Refi,1.26974359,9769.96
689,Refi,1.415741353,10180.05
690,Refi,1.072367372,8661.03
690,Purchase,0.8373312,7774.33
690,Refi,0.792296878,1814.41
690,Purchase,1.347037861,12974.72
690,Purchase,0.679831698,5425.8
690,Purchase,1.317782912,12974.72
690,Purchase,1.114889655,12378.46
690,Refi,1.260118052,9769.96
690,Purchase,1.474279108,2195.59
690,Refi,1.435707317,10180.05
690,Refi,1.363840899,8366.63
691,Refi,1.158870078,15146.1
691,Refi,0.58969806,1104.87
691,Purchase,1.2115,25794.1
691,Purchase,0.955476793,17344.9
691,Purchase,0.947053441,17344.9
691,Refi,1.284498567,11145.35
691,Refi,1.336052349,11780.65
691,Purchase,1.18759312,16276.37
692,Refi,1.200179959,15146.1
692,Purchase,1.133028681,16276.37
692,Refi,1.118900283,15146.1
692,Purchase,1.09832,13886.63
692,Purchase,1.062298765,13886.63
692,Refi,1.141657664,15146.1
692,Refi,1.261842912,11145.35
692,Purchase,0.864067551,7572.22
692,Purchase,1.309620222,25794.1
693,Purchase,1.135054172,16276.37
693,Purchase,1.080396495,13886.63
693,Purchase,0.953785064,17344.9
693,Refi,1.677154362,1243.37
693,Purchase,1.016127571,13886.63
693,Purchase,0.994004301,17344.9
693,Purchase,0.860447108,7572.22
694,Refi,1.150888942,15146.1
694,Refi,1.169852693,15146.1
694,Purchase,1.019950404,13886.63
694,Purchase,1.440839216,4747.9
694,Refi,1.192133926,15146.1
694,Refi,1.079532725,8389.8
694,Refi,1.033501312,8389.8
694,Refi,1.032260743,8389.8
694,Purchase,1.153302602,16276.37
694,Refi,1.398054822,11780.65
695,Purchase,0.837943205,7572.22
695,Refi,1.35253281,11780.65
695,Refi,1.458625301,3696.73
695,Purchase,0.396166189,210.19
695,Purchase,0.850595194,7572.22
695,Refi,1.205527353,15146.1
695,Refi,0.504059902,749.18
695,Purchase,1.360246869,3185.71
696,Refi,1.08903082,8389.8
696,Purchase,1.217050505,25794.1
696,Purchase,0.958546868,17344.9
696,Purchase,1.258673401,25794.1
696,Purchase,1.478129151,4747.9
696,Refi,1.40087549,11780.65
696,Purchase,1.06466525,13886.63
696,Purchase,0.629289888,#REF!
696,Purchase,1.146655709,16276.37
696,Refi,1.43057351,3696.73
696,Refi,1.290249361,11145.35
696,Purchase,0.967187129,17344.9
696,Refi,1.14773121,15146.1
696,Refi,1.237051307,11145.35
696,Refi,1.323070186,11780.65
697,Purchase,0.952658659,17344.9
697,Refi,1.152271649,15146.1
697,Refi,1.447295152,3696.73
697,Purchase,0.709541528,1716.8
697,Purchase,0.889574638,7572.22
697,Purchase,1.109756098,13886.63
697,Refi,1.374234332,11780.65
697,Purchase,0.978869302,17344.9
697,Purchase,0.962770281,17344.9
697,Purchase,1.060748171,13886.63
697,Purchase,1.228665606,25794.1
697,Refi,1.211997074,11145.35
698,Purchase,0.946082182,17344.9
698,Refi,0.542838269,1104.87
698,Purchase,1.253750906,25794.1
698,Refi,1.104036476,8389.8
698,Purchase,0.58538815,#REF!
698,Purchase,1.302286024,25794.1
698,Purchase,1.21746971,25794.1
698,Purchase,1.522540492,1554.37
698,Purchase,1.006848387,17344.9
698,Purchase,1.188596503,16276.37
698,Purchase,0.870193798,7572.22
698,Refi,1.267222047,11145.35
698,Purchase,1.021914514,13886.63
698,Refi,1.214105882,11145.35
698,Purchase,0.983307156,17344.9
699,Purchase,0.57692511,4164.2
699,Purchase,1.149879276,16276.37
699,Refi,1.384423226,11780.65
699,Purchase,1.224269027,25794.1
699,Refi,1.10529519,8389.8
699,Refi,1.350751433,11780.65
699,Refi,1.297358065,11145.35
699,Purchase,0.996076471,17344.9
699,Purchase,0.590460568,4164.2
700,Purchase,1.226061101,25794.1
700,Purchase,1.131152187,16276.37
700,Refi,1.24221958,11145.35
700,Refi,1.13329701,15146.1
700,Refi,1.352710167,11780.65
700,Purchase,1.266388172,25794.1
700,Purchase,0.891338182,7572.22
700,Refi,1.592076721,2120.38
700,Purchase,1.009097608,17344.9
700,Purchase,1.278293333,25794.1
701,Refi,0.865764898,2878.97
701,Refi,1.359743433,7124.79
701,Purchase,1.04281522,16836.13
701,Purchase,0.830552147,3918.42
701,Refi,1.345561015,7124.79
701,Purchase,0.906825911,3918.42
701,Refi,1.248771502,13414.58
701,Purchase,1.273043357,15541.61
701,Refi,1.042868571,4397.21
701,Refi,1.512554745,4011.05
701,Refi,1.308776496,13414.58
701,Refi,1.439084308,3657.71
701,Purchase,1.279380892,15541.61
701,Purchase,1.119863592,28891.35
702,Purchase,1.219181864,15541.61
702,Refi,1.140366031,7362.73
702,Refi,1.385367876,7124.79
702,Refi,1.327107636,7124.79
703,Refi,1.250826391,13414.58
703,Purchase,1.180465858,28891.35
703,Refi,1.416182946,3657.71
703,Purchase,1.051658247,16836.13
703,Purchase,1.29979295,15541.61
703,Purchase,1.1100633,28891.35
703,Purchase,1.384857143,12436.98
704,Refi,1.311881773,7124.79
704,Refi,0.611761997,547.11
704,Purchase,1.359432258,12436.98
704,Refi,1.118769942,7362.73
704,Purchase,0.943726496,6475.09
704,Refi,1.212518343,13414.58
704,Purchase,1.058841989,16836.13
704,Refi,1.279672813,13414.58
705,Refi,1.057039842,4397.21
705,Refi,1.167546628,7362.73
705,Refi,1.066318612,4397.21
705,Purchase,0.931546039,6475.09
705,Purchase,1.299419632,15541.61
705,Purchase,0.891837965,3918.42
705,Purchase,0.994511374,6475.09
705,Purchase,0.905321586,3918.42
705,Refi,1.497715271,3657.71
705,Purchase,1.106607785,16836.13
705,Refi,0.941213462,1398.83
705,Refi,1.194887594,7362.73
705,Purchase,1.204943333,28891.35
705,Purchase,1.09775202,16836.13
705,Purchase,1.339258966,12436.98
706,Purchase,1.275214108,15541.61
706,Refi,1.208397488,7362.73
706,Refi,1.510445522,4011.05
706,Purchase,1.183612568,28891.35
706,Purchase,1.218649616,15541.61
706,Purchase,1.145032829,28891.35
706,Purchase,1.141596578,28891.35
706,Purchase,1.09435917,16836.13
706,Refi,1.216746959,13414.58
706,Purchase,1.205258402,28891.35
706,Purchase,1.125398172,28891.35
707,Purchase,1.180837391,28891.35
707,Purchase,1.224830189,15541.61
707,Purchase,1.317042599,12436.98
708,Purchase,0.985139746,6475.09
708,Purchase,1.320791557,12436.98
708,Purchase,0.920186486,6475.09
708,Purchase,1.619641921,762.62
708,Purchase,1.21828417,15541.61
708,Purchase,1.040084685,16836.13
708,Refi,1.293121387,13414.58
708,Refi,1.201252059,7362.73
708,Refi,1.225109381,13414.58
708,Refi,1.685611818,3186.25
709,Purchase,1.161740024,28891.35
709,Purchase,1.07100832,16836.13
709,Purchase,0.447635417,699.88
709,Purchase,1.070889861,16836.13
709,Purchase,1.157597727,28891.35
709,Purchase,1.080687103,16836.13
709,Purchase,1.324617732,12436.98
710,Purchase,1.126741397,28891.35
710,Refi,0.873404514,2878.97
710,Purchase,0.952017021,6475.09
710,Refi,0.761177778,478.82
710,Purchase,1.053216227,16836.13
710,Purchase,0.87192562,3918.42
710,Purchase,1.142168504,28891.35
710,Refi,1.373413333,7124.79
710,Purchase,0.9787,6475.09
710,Purchase,1.185631131,28891.35
710,Purchase,0.964162587,6475.09
710,Refi,1.256746345,13414.58
710,Refi,0.959215524,1398.83
710,Refi,1.23198747,13414.58
711,Refi,1.108308271,1483.05
711,Refi,1.41848125,5381.77
711,Refi,1.263019578,6220.17
711,Purchase,1.222465319,12972.81
711,Purchase,0.833834532,7137.46
711,Refi,1.331464594,10449.05
711,Purchase,1.402704663,10685.76
711,Purchase,0.797958771,#REF!
711,Purchase,1.35726262,10685.76
711,Purchase,0.456634146,551.7
712,Purchase,0.973124312,8726.01
712,Purchase,0.709489409,#REF!
712,Purchase,0.986516556,8726.01
712,Purchase,0.393667704,400.17
712,Refi,1.157495513,4106.64
712,Purchase,1.120768413,20872.22
712,Purchase,1.069014344,30425.94
712,Purchase,1.08589318,30425.94
712,Purchase,1.431478523,1238.9
712,Purchase,1.371776386,10685.76
712,Purchase,1.147579268,20872.22
712,Refi,1.410639175,5381.77
712,Refi,1.433284457,5381.77
712,Purchase,0.747277876,5861.25
713,Purchase,1.067009246,30425.94
713,Purchase,1.015519241,30425.94
713,Purchase,0.932654206,8726.01
713,Purchase,1.130079602,20872.22
713,Refi,1.13942216,4106.64
713,Purchase,1.111936508,20872.22
713,Purchase,1.016384282,30425.94
713,Purchase,0.876978238,7137.46
714,Purchase,1.0471883,30425.94
714,Refi,0.840013586,901.85
714,Purchase,0.562532347,2698.25
714,Purchase,1.05722241,30425.94
714,Refi,0.957754644,2541.48
714,Purchase,1.372045623,10685.76
714,Purchase,1.53119262,2238.82
715,Purchase,1.262848464,12972.81
715,Purchase,0.961978851,8726.01
715,Refi,1.39490719,10449.05
715,Refi,0.516809538,515.75
715,Refi,1.278002627,6220.17
715,Refi,1.164433333,4106.64
715,Purchase,1.176605806,20872.22
716,Purchase,1.287764341,12972.81
716,Purchase,1.09301573,30425.94
716,Purchase,1.049829868,30425.94
716,Refi,1.775244444,1158.62
716,Purchase,1.033544163,30425.94
716,Purchase,0.785086554,5861.25
716,Refi,1.003662555,2541.48
716,Purchase,1.19075453,20872.22
717,Purchase,1.387952288,10685.76
717,Purchase,1.109964334,30425.94
717,Purchase,1.072287697,30425.94
717,Refi,1.210035322,6220.17
717,Purchase,0.861706446,7137.46
717,Refi,1.027163758,1483.05
717,Refi,0.970886076,2541.48
717,Refi,1.397724764,10449.05
718,Refi,1.294537729,6220.17
718,Refi,1.192486818,4106.64
718,Purchase,1.098051759,30425.94
718,Purchase,1.279550069,12972.81
718,Purchase,1.21529816,12972.81
718,Purchase,0.651552428,4926.95
718,Refi,1.402600382,10449.05
718,Refi,1.521937895,1177
718,Purchase,1.276935763,12972.81
718,Purchase,0.987698333,8726.01
719,Refi,1.403433481,10449.05
719,Purchase,1.177122877,20872.22
719,Refi,1.445555772,5381.77
719,Purchase,0.936357553,8726.01
719,Purchase,1.05826317,30425.94
719,Purchase,1.178941884,20872.22
719,Refi,1.415214371,5381.77
719,Purchase,0.912053996,8726.01
719,Refi,1.350082083,10449.05
720,Purchase,1.191155644,20872.22
720,Purchase,0.898330176,7137.46
720,Purchase,0.667408231,4926.95
720,Purchase,0.824327442,7137.46
720,Purchase,1.028032222,30425.94
720,Refi,1.384008754,10449.05
720,Refi,1.334215894,10449.05
721,Purchase,0.633232234,#REF!
721,Purchase,0.536450755,#REF!
721,Purchase,0.991558636,6823.4
721,Refi,0.825196721,2798.78
721,Purchase,1.132706383,25964.57
721,Purchase,0.904648715,7246.5
721,Purchase,1.290254362,24173.2
721,Purchase,1.249163504,24173.2
721,Refi,0.945700946,6420.54
721,Refi,0.98377039,6420.54
721,Refi,0.638075362,491.62
721,Refi,0.751299825,3530.29
722,Purchase,1.272307692,24173.2
722,Refi,0.865842118,2798.78
722,Purchase,1.37747455,3887.77
722,Purchase,1.420062454,3080.56
722,Refi,0.938347596,6420.54
722,Refi,1.36602729,1326.98
722,Purchase,0.894257143,7246.5
722,Purchase,1.202342059,25964.57
722,Purchase,0.457470225,1363.62
722,Purchase,1.129117073,25964.57
722,Refi,0.56111582,775.6
722,Refi,1.052564727,3998.64
723,Purchase,1.362685851,3887.77
723,Purchase,0.838607431,7246.5
723,Purchase,1.225479304,24173.2
723,Purchase,1.294020053,24173.2
723,Purchase,1.117470943,25964.57
723,Purchase,1.353043678,3887.77
723,Purchase,0.573069054,1794.84
723,Refi,1.269490671,2634.38
724,Purchase,1.229094559,24173.2
724,Purchase,0.95057989,6823.4
724,Refi,1.004971733,6420.54
724,Refi,1.200676029,6442.34
724,Purchase,0.978008403,6823.4
724,Purchase,1.020539887,17470.95
724,Purchase,0.834295321,7246.5
724,Refi,2.057664286,2879.17
724,Purchase,0.774441026,#REF!
725,Purchase,0.837688361,7246.5
725,Purchase,1.449954812,3080.56
725,Purchase,0.884300699,7246.5
725,Purchase,1.0472,17470.95
725,Purchase,1.279077568,24173.2
725,Purchase,1.026637736,17470.95
725,Purchase,0.800034203,4811.84
725,Purchase,1.180013761,25964.57
725,Refi,0.794985155,3530.29
725,Purchase,1.033392226,17470.95
725,Refi,1.135785672,6442.34
725,Purchase,1.025278287,17470.95
725,Purchase,1.518846154,3601.74
725,Purchase,0.703673288,1467.14
725,Refi,1.191139935,6442.34
726,Purchase,1.025102211,17470.95
726,Purchase,1.262826087,24173.2
726,Purchase,1.075473214,17470.95
726,Refi,1.5223053,2546.41
726,Purchase,1.146899219,25964.57
726,Refi,1.172657653,6442.34
726,Purchase,1.093237008,17470.95
726,Purchase,1.144429958,25964.57
726,Refi,2.039546667,2879.17
727,Purchase,0.977496563,6823.4
727,Purchase,0.515395522,1794.84
727,Purchase,0.967528517,6823.4
727,Purchase,1.367786854,3887.77
727,Purchase,1.123503688,25964.57
727,Purchase,1.117748248,25964.57
727,Refi,1.493817794,561.35
727,Purchase,1.143659098,25964.57
727,Refi,0.947845217,6420.54
727,Purchase,1.119195175,25964.57
727,Purchase,1.296187706,24173.2
727,Purchase,1.052272165,17470.95
728,Purchase,0.732628352,4811.84
728,Purchase,0.974984925,6823.4
728,Purchase,1.136706024,25964.57
728,Refi,1.062052769,3998.64
728,Purchase,1.082484935,17470.95
728,Purchase,1.25406701,24173.2
729,Refi,1.271512289,2634.38
729,Purchase,1.080553425,17470.95
729,Purchase,0.878210256,7246.5
729,Purchase,1.295597076,24173.2
729,Purchase,0.827651873,7246.5
729,Purchase,1.577501382,3601.74
729,Purchase,1.091156989,17470.95
729,Purchase,0.857189583,7246.5
730,Purchase,1.13678643,25964.57
730,Purchase,1.226276435,24173.2
730,Refi,0.822185841,2798.78
730,Purchase,1.190096692,25964.57
730,Purchase,1.062876957,17470.95
730,Purchase,0.979940223,6823.4
730,Refi,0.97433301,6420.54
730,Refi,1.564749524,2546.41
730,Refi,1.064136782,3998.64
730,Purchase,1.058125144,17470.95
730,Purchase,0.857683019,7246.5
730,Purchase,0.981483529,6823.4
730,Refi,1.056208932,3998.64
731,Purchase,0.982187724,11010.69
731,Refi,1.457168473,4243.2
731,Refi,1.042773709,5963.36
731,Purchase,0.715286631,#REF!
731,Purchase,0.984683322,11010.69
731,Purchase,0.909934375,4924.88
731,Purchase,1.191000805,21854.8
732,Purchase,0.986114127,11010.69
732,Purchase,0.98657807,11010.69
732,Refi,0.885722284,2292.45
732,Purchase,1.385538551,4456.66
732,Purchase,1.191720796,21854.8
732,Purchase,1.271568733,16765.29
732,Purchase,1.362623015,4456.66
732,Purchase,0.854760317,4924.88
732,Purchase,0.953381443,11010.69
732,Purchase,1.111430801,21854.8
732,Refi,0.820498622,2292.45
733,Purchase,1.11380805,21854.8
733,Purchase,1.132466525,21854.8
733,Purchase,1.028190265,14922.46
733,Purchase,1.175097252,21854.8
733,Purchase,1.22305122,16765.29
733,Refi,1.099449246,5963.36
733,Purchase,1.015469182,14922.46
734,Purchase,0.922538976,11010.69
734,Purchase,0.730291691,3566.05
734,Refi,0.599903792,1488.72
734,Refi,0.950369573,2786.85
734,Refi,1.066176837,5963.36
734,Purchase,1.011209677,14922.46
734,Purchase,1.118869261,21854.8
734,Refi,0.921258028,2786.85
734,Purchase,1.009849558,11010.69
735,Refi,1.158197674,2703.44
735,Refi,1.08266146,5963.36
735,Purchase,1.079473552,14922.46
735,Purchase,0.921980741,11010.69
735,Purchase,1.258260793,16765.29
735,Purchase,1.009653084,11010.69
735,Purchase,0.573888092,#REF!
735,Refi,1.098677484,5963.36
736,Purchase,1.1276,21854.8
736,Refi,1.233015385,5856.01
736,Purchase,0.967250314,11010.69
736,Purchase,0.95975641,11010.69
736,Refi,1.222418182,5856.01
736,Refi,0.943901195,2786.85
736,Refi,1.387132554,2024.1
736,Purchase,1.032365385,14922.46
737,Refi,0.520701555,1488.72
737,Refi,1.455268203,4243.2
737,Refi,1.311336201,2024.1
737,Purchase,1.104087363,14922.46
737,Purchase,1.119399564,21854.8
737,Purchase,1.037986104,14922.46
737,Purchase,0.905309515,4924.88
737,Refi,0.984740639,2786.85
737,Purchase,0.582986767,4859.62
738,Purchase,1.067445987,14922.46
738,Refi,1.208666176,2703.44
738,Purchase,0.83057686,4924.88
738,Purchase,1.12037592,21854.8
738,Purchase,0.953044252,11010.69
738,Purchase,1.163149675,21854.8
738,Purchase,1.213034146,16765.29
739,Purchase,1.288581997,16765.29
739,Refi,1.284491294,5856.01
739,Purchase,1.303433723,16765.29
739,Purchase,1.140732374,21854.8
739,Refi,1.296424979,5856.01
739,Refi,1.211264812,5856.01
739,Refi,1.44549,4243.2
739,Purchase,1.128803341,21854.8
739,Purchase,1.235318237,16765.29
739,Purchase,0.53086539,4859.62
739,Purchase,0.513131773,4859.62
739,Purchase,1.352851084,4456.66
739,Purchase,1.022630947,14922.46
739,Purchase,1.411791055,2227.59
740,Purchase,1.29261831,16765.29
740,Purchase,1.21464375,16765.29
740,Purchase,0.8990952,4924.88
740,Purchase,1.160753623,21854.8
740,Purchase,1.127902718,21854.8
740,Purchase,0.921779196,11010.69
740,Purchase,1.264015668,16765.29
741,Purchase,1.571393023,4799.38
741,Purchase,0.655536882,#REF!
741,Refi,1.167427623,5541.09
741,Purchase,0.750331002,#REF!
741,Purchase,0.954714286,5681.18
741,Refi,1.014801578,3997.86
741,Refi,1.505456698,5344.79
742,Purchase,1.033426797,16004.73
742,Purchase,1.279520809,18291.35
742,Purchase,1.398814433,5381.83
742,Purchase,1.219585013,18291.35
742,Purchase,1.559662658,4799.38
742,Purchase,1.280079438,18291.35
742,Purchase,0.953434686,5681.18
742,Purchase,1.031920384,16004.73
742,Refi,0.590074156,834.12
742,Purchase,1.14690438,17526.98
742,Purchase,0.949744982,5681.18
743,Purchase,0.738243993,1725.17
743,Refi,1.41475727,5344.79
743,Refi,1.489402041,5344.79
743,Refi,1.324572592,2232.04
743,Refi,0.737065258,2244.31
743,Refi,0.999488643,6239.43
743,Purchase,1.225457143,18291.35
743,Refi,1.190862185,5541.09
743,Purchase,1.508756688,3947.62
743,Purchase,1.255181982,18291.35
744,Refi,1.08489375,3997.86
744,Refi,1.310120876,2232.04
744,Purchase,1.145144697,17526.98
744,Refi,1.180957276,5541.09
744,Purchase,1.206926685,17526.98
744,Refi,0.992957667,6239.43
744,Purchase,0.532079292,#REF!
745,Purchase,1.124755789,17526.98
745,Purchase,1.315326512,5381.83
745,Refi,1.221478564,1620.6
745,Purchase,1.035339499,16004.73
745,Purchase,1.158861962,17526.98
745,Purchase,1.11117785,17526.98
745,Purchase,0.788675585,1725.17
745,Refi,0.771055759,2244.31
746,Purchase,0.956419287,5681.18
746,Purchase,1.246803415,18291.35
746,Purchase,0.986195426,5681.18
746,Purchase,1.147896015,17526.98
746,Purchase,0.576064179,3040.84
747,Refi,0.853619401,598.19
747,Purchase,1.059492386,16004.73
747,Purchase,1.138619487,17526.98
747,Purchase,1.152558621,17526.98
747,Purchase,1.059267588,16004.73
747,Purchase,1.148764006,17526.98
748,Purchase,1.081178897,16004.73
748,Refi,0.805771599,2244.31
748,Purchase,1.058391461,16004.73
748,Purchase,0.861041004,556.23
748,Purchase,1.024961478,16004.73
749,Purchase,0.592343564,3040.84
749,Purchase,0.640229291,3529.09
749,Refi,0.683730818,570.8
749,Refi,1.498248987,5344.79
749,Refi,0.995581996,6239.43
750,Purchase,1.086020025,16004.73
750,Purchase,1.060145092,16004.73
750,Purchase,1.256387798,18291.35
750,Purchase,1.327440166,5381.83
750,Refi,0.95680533,6239.43
750,Purchase,0.935260837,5681.18
750,Purchase,1.027876333,16004.73
750,Refi,0.962240715,6239.43
750,Purchase,0.660917203,3529.09
750,Purchase,1.087177017,16004.73
750,Purchase,1.433469714,3947.62
750,Purchase,0.65609936,3529.09
750,Refi,1.075746763,3997.86
751,Refi,1.379332127,2785.3
751,Purchase,0.81300813,7275.85
751,Purchase,0.663740089,#REF!
751,Purchase,1.367352025,4555.62
751,Refi,1.480856187,2585.15
751,Refi,1.217753203,5341.14
751,Purchase,0.973826389,12270.7
751,Purchase,1.143841176,7023.87
751,Purchase,1.193866667,7023.87
752,Purchase,0.957900277,12270.7
752,Purchase,0.629598007,1571.54
752,Refi,0.833662541,682.9
752,Purchase,0.919539785,12270.7
752,Refi,1.321446217,2785.3
753,Purchase,1.087764823,19334.76
753,Purchase,0.669042956,1571.54
753,Purchase,0.750539259,#REF!
753,Purchase,1.138196731,7023.87
753,Refi,1.136033028,10356.61
753,Refi,1.061312689,5465.08
754,Purchase,0.631276901,1571.54
754,Purchase,1.056692209,19334.76
754,Refi,1.082879348,5465.08
754,Purchase,1.178152252,7023.87
754,Purchase,0.817312644,7275.85
754,Refi,1.057311524,5465.08
754,Refi,1.114668308,10356.61
754,Purchase,1.025024036,19334.76
754,Purchase,0.876303119,7275.85
754,Purchase,1.095977011,19334.76
754,Refi,1.253399308,5341.14
754,Purchase,1.364699471,4555.62
754,Purchase,0.937884179,12270.7
754,Purchase,1.41494657,4792.53
754,Purchase,1.108153722,19334.76
755,Refi,0.773316667,461.4
755,Refi,1.201037017,10356.61
755,Purchase,1.031276667,19334.76
755,Purchase,1.031142974,19334.76
755,Purchase,0.803936508,2497.61
755,Refi,1.413395595,2585.15
755,Refi,1.80411625,797.77
755,Purchase,0.91682509,12270.7
756,Purchase,0.963483592,12270.7
756,Purchase,1.095913344,19334.76
756,Refi,1.139375351,10356.61
756,Purchase,0.856930342,7275.85
756,Refi,1.245438017,5341.14
756,Purchase,0.837369863,7275.85
756,Refi,1.306098635,5341.14
757,Purchase,0.953913605,12270.7
757,Purchase,1.263041176,4741.39
758,Purchase,0.993055,12270.7
758,Refi,1.110317878,10356.61
758,Purchase,1.060402243,19334.76
758,Refi,1.035105923,5465.08
758,Purchase,1.049462366,19334.76
758,Refi,1.081440415,5465.08
758,Purchase,1.263046701,4741.39
758,Purchase,1.769662687,1185.42
758,Purchase,1.052701124,19334.76
759,Purchase,1.042592237,19334.76
759,Purchase,0.338742164,759.19
759,Purchase,0.935083481,12270.7
759,Refi,0.678050584,516.82
760,Purchase,0.992412069,12270.7
760,Purchase,1.449065657,4792.53
760,Purchase,0.884972423,7275.85
760,Purchase,1.065925377,19334.76
760,Purchase,0.715079559,2497.61
760,Purchase,1.112129759,7023.87
760,Purchase,0.97541713,12270.7
760,Purchase,1.265971741,4741.39
760,Refi,1.525307368,1478.05
760,Purchase,1.461069231,4792.53
760,Purchase,0.860347197,7275.85
761,Purchase,1.209689613,23922.25
761,Purchase,0.45045045,323.84
761,Refi,1.297684281,6261.57
761,Purchase,1.106385185,10297.29
761,Refi,1.125823165,6057.24
761,Purchase,1.149837134,23922.25
761,Purchase,1.154119403,23922.25
761,Refi,1.166851984,6057.24
761,Refi,1.167150504,6057.24
762,Purchase,0.778502479,#REF!
762,Refi,1.247511415,6261.57
762,Refi,1.162337662,6057.24
762,Purchase,1.319133758,7929.7
762,Purchase,1.023149905,10297.29
762,Purchase,1.212854864,9937.31
762,Purchase,1.091284706,10297.29
763,Purchase,1.178796364,23922.25
763,Refi,1.270061176,6261.57
763,Purchase,1.348210427,7929.7
763,Purchase,0.661966507,#REF!
763,Purchase,1.142294468,23922.25
763,Purchase,1.329802,7929.7
763,Purchase,1.201542458,23922.25
763,Purchase,0.944388889,11687.22
763,Purchase,0.928545231,11687.22
763,Purchase,0.995553333,11687.22
763,Refi,0.764757834,793.22
763,Purchase,1.282239675,9937.31
763,Refi,1.654006734,606.02
764,Refi,1.016954679,1940.03
764,Purchase,0.64717176,3439.5
764,Purchase,1.194198039,23922.25
764,Purchase,0.628495238,3439.5
764,Purchase,1.27095526,9937.31
764,Purchase,1.250754098,9937.31
764,Purchase,1.192557419,23922.25
764,Purchase,0.723773585,3139.95
764,Refi,0.681449666,873.54
765,Purchase,1.145578913,23922.25
765,Purchase,0.534207921,#REF!
765,Refi,1.265458765,6261.57
765,Purchase,1.07207561,10297.29
765,Refi,0.947738312,2266.52
766,Purchase,0.835418959,2122.24
766,Purchase,1.137912855,23922.25
766,Purchase,1.026518588,10297.29
766,Purchase,1.208116589,23922.25
766,Purchase,0.992546751,11687.22
766,Purchase,1.044796495,10297.29
766,Refi,1.082290247,1940.03
766,Purchase,1.176019277,23922.25
767,Refi,1.168882105,6057.24
767,Purchase,0.675046414,3439.5
767,Refi,0.874647511,644.87
767,Purchase,1.376476336,7929.7
767,Purchase,0.53605545,2007.1
768,Purchase,1.056643267,10297.29
768,Purchase,0.94367566,11687.22
768,Purchase,1.167031472,23922.25
768,Purchase,0.922602052,11687.22
768,Refi,1.253788988,6261.57
768,Purchase,0.940327869,11687.22
768,Purchase,1.038667621,10297.29
768,Purchase,1.019097854,10297.29
768,Purchase,0.970452417,11687.22
769,Purchase,1.393404489,7929.7
769,Purchase,0.665771149,3439.5
769,Purchase,0.766414298,3139.95
769,Purchase,1.001494505,11687.22
769,Purchase,0.965364621,11687.22
769,Purchase,1.145598051,23922.25
769,Refi,1.49496,1344.82
770,Refi,0.941294386,2266.52
770,Refi,0.917740032,2266.52
770,Purchase,0.986891189,11687.22
770,Purchase,0.970845411,11687.22
770,Refi,1.523726053,2522.98
771,Purchase,1.007675937,11641.69
771,Purchase,0.978190654,11641.69
771,Purchase,0.779975337,#REF!
771,Purchase,1.080726496,14417.11
771,Purchase,1.108982993,14417.11
771,Purchase,1.244522114,13546.32
771,Purchase,1.290513508,13546.32
772,Refi,1.435511945,4221.44
772,Purchase,1.379993514,7926.85
772,Purchase,0.971109091,11641.69
772,Purchase,0.894540433,6241.07
772,Refi,1.193714286,8368.67
772,Purchase,1.170233002,12996.56
772,Purchase,0.939529801,11641.69
772,Refi,1.173884594,8368.67
772,Purchase,1.05959839,14417.11
773,Purchase,0.805398358,3283.12
773,Purchase,1.184342857,12996.56
773,Refi,0.869914163,2777.8
773,Refi,1.002085106,3503.96
773,Purchase,0.857140381,6241.07
773,Purchase,0.972,11641.69
774,Purchase,1.068259729,14417.11
774,Purchase,1.128746907,12996.56
774,Refi,1.110886275,8368.67
774,Purchase,0.356687898,1409
775,Purchase,0.938986784,11641.69
775,Purchase,0.940920996,11641.69
775,Purchase,1.094721739,14417.11
775,Purchase,1.109307177,14417.11
775,Purchase,0.862362427,6241.07
775,Refi,1.255150118,1322.4
775,Refi,0.983910881,3503.96
776,Refi,0.885636266,2777.8
776,Purchase,1.304915765,13546.32
776,Purchase,1.195157895,12996.56
776,Refi,1.134137968,8368.67
776,Purchase,1.008685379,11641.69
776,Purchase,1.235063415,13546.32
776,Refi,1.457990083,4221.44
777,Purchase,1.377905263,7926.85
777,Purchase,0.989268352,11641.69
777,Purchase,1.185354293,12996.56
777,Purchase,0.544575758,1493.57
777,Refi,1.388406679,1519.95
777,Refi,0.912891682,3503.96
778,Purchase,1.391086154,7926.85
778,Purchase,1.027635946,14417.11
778,Purchase,0.965349754,11641.69
778,Purchase,1.140440329,12996.56
778,Purchase,1.297525292,13546.32
778,Refi,0.827737024,2777.8
778,Refi,1.113650058,8368.67
778,Purchase,1.431564314,2986.32
778,Purchase,1.060728009,14417.11
778,Purchase,1.040013873,14417.11
778,Refi,1.158362232,8368.67
779,Purchase,0.785804743,3283.12
779,Purchase,1.212378099,13546.32
779,Refi,1.461256604,4221.44
779,Refi,0.99499347,3503.96
779,Refi,1.097324242,1738.29
780,Purchase,1.093823529,14417.11
780,Purchase,1.12125589,12996.56
780,Purchase,1.36169145,7926.85
780,Refi,1.441060066,4221.44
780,Purchase,0.909527928,6241.07
780,Purchase,1.153107934,12996.56
780,Purchase,0.97092944,11641.69
780,Purchase,0.842631878,6241.07
781,Purchase,1.034246824,16549.18
781,Purchase,1.001420282,12903.67
781,Purchase,1.067042254,16549.18
781,Purchase,1.036248766,16549.18
781,Purchase,1.072015983,16549.18
781,Purchase,1.187131571,18259.72
782,Refi,0.637910361,1242.46
782,Refi,1.499464636,6389.31
782,Purchase,0.574740741,#REF!
782,Purchase,1.145853237,18259.72
782,Purchase,1.053972932,16549.18
782,Refi,1.454503258,6389.31
782,Refi,1.442198312,6389.31
782,Purchase,1.459765439,2705
782,Purchase,1.196787149,18259.72
782,Purchase,1.269674682,8276.45
782,Refi,1.324093582,2390.31
783,Purchase,1.001418261,12903.67
783,Purchase,1.027101994,16549.18
783,Refi,1.452669418,6389.31
783,Purchase,0.97838961,12903.67
783,Refi,1.162282794,3546.55
783,Purchase,1.217073462,8276.45
784,Refi,1.63176861,1112.94
784,Purchase,1.078898918,16549.18
784,Purchase,0.921395161,12903.67
784,Purchase,1.206925714,18259.72
784,Purchase,1.09958628,16549.18
784,Purchase,0.89813037,706.97
784,Purchase,1.100058781,16549.18
784,Purchase,0.923269351,12903.67
785,Purchase,1.127677262,18259.72
785,Purchase,0.922632808,12903.67
785,Purchase,1.028274336,16549.18
785,Purchase,1.351428785,3208.17
785,Refi,1.162902659,3546.55
785,Purchase,1.123729604,18259.72
785,Purchase,1.154170874,18259.72
786,Purchase,0.631214333,893.65
786,Purchase,1.042247652,16549.18
786,Refi,1.097722555,1982.21
786,Purchase,0.989616598,12903.67
786,Purchase,1.027375549,16549.18
786,Refi,0.974521774,2226.9
786,Purchase,0.769895197,1482.86
787,Purchase,0.945516838,12903.67
787,Purchase,1.343130957,3208.17
787,Purchase,0.991083217,12903.67
787,Purchase,1.023123153,16549.18
787,Purchase,1.288345604,8276.45
787,Purchase,0.9598,12903.67
788,Purchase,0.913537778,12903.67
788,Purchase,1.25422101,8276.45
788,Purchase,1.150232188,18259.72
788,Purchase,1.164046301,18259.72
788,Purchase,1.152313008,18259.72
788,Refi,1.057356075,1982.21
789,Refi,0.947544414,2226.9
789,Purchase,1.379415126,3208.17
789,Purchase,1.113404742,18259.72
789,Purchase,0.58479036,2173.11
789,Purchase,0.991220183,12903.67
789,Purchase,1.094128824,16549.18
790,Purchase,0.975419116,12903.67
791,Purchase,0.899038006,4008.49
791,Purchase,0.509044932,#REF!
791,Purchase,0.944774436,12946.64
791,Refi,1.211349917,1614.29
791,Purchase,1.093701903,19099.31
791,Purchase,1.127710345,20614.28
791,Refi,0.834436275,3689.16
792,Purchase,0.948540831,12946.64
792,Purchase,1.038423804,19099.31
792,Purchase,1.115982007,20614.28
792,Purchase,1.223005691,18207.01
792,Purchase,1.434824779,2905.97
792,Purchase,1.268346875,18207.01
792,Purchase,1.197777778,20614.28
792,Purchase,1.234999253,18207.01
792,Purchase,1.272837244,18207.01
792,Purchase,0.924506956,12946.64
793,Purchase,0.937852349,12946.64
793,Purchase,0.662130754,#REF!
793,Refi,0.887647361,3689.16
793,Purchase,1.112507317,20614.28
793,Purchase,1.162836715,20614.28
793,Refi,1.031797107,2456.97
794,Purchase,0.433347779,2073.72
794,Purchase,1.239802618,18207.01
794,Purchase,1.195391101,20614.28
794,Purchase,1.047460208,19099.31
794,Purchase,0.666203008,1910.97
794,Purchase,0.929645161,12946.64
794,Purchase,1.1917752,20614.28
794,Purchase,1.400144379,4626
795,Refi,0.758260621,656.43
795,Purchase,1.20924977,20614.28
795,Purchase,1.017147635,19099.31
795,Refi,0.951716306,2562.08
795,Refi,1.232449412,1614.29
795,Purchase,0.781151546,#REF!
795,Purchase,0.569550931,667.72
796,Purchase,1.094183477,19099.31
796,Purchase,0.980226685,12946.64
796,Purchase,1.116331141,20614.28
796,Purchase,0.681651888,1910.97
796,Purchase,1.076741739,19099.31
796,Purchase,1.120715789,20614.28
796,Purchase,0.821982022,4008.49
797,Purchase,0.973918589,12946.64
797,Purchase,1.184445082,20614.28
797,Refi,0.909560538,3689.16
797,Refi,0.92748117,2562.08
797,Purchase,1.382653951,4626
797,Purchase,1.065838674,19099.31
797,Purchase,1.269289256,18207.01
797,Purchase,1.009921788,12946.64
797,Refi,0.829593826,3689.16
798,Purchase,1.072200349,19099.31
798,Purchase,1.247879882,18207.01
798,Purchase,0.324228731,213.84
798,Purchase,1.0655625,19099.31
798,Refi,1.110622844,894.57
798,Purchase,1.078712088,19099.31
798,Purchase,0.962209386,12946.64
798,Purchase,1.244554372,18207.01
798,Purchase,0.98544965,12946.64
799,Purchase,0.826446281,4008.49
799,Purchase,0.786267223,3480.75
799,Purchase,1.322332438,4626
799,Purchase,0.715665025,3480.75
799,Purchase,1.1064,19099.31
799,Purchase,1.15413854,20614.28
800,Purchase,1.00881516,12946.64
800,Purchase,1.245892102,18207.01
800,Purchase,1.272860803,18207.01
800,Purchase,0.977050328,12946.64
800,Purchase,0.863516199,4008.49
800,Purchase,0.976484791,12946.64
800,Purchase,0.771951459,3480.75
800,Purchase,1.145041322,20614.28
800,Refi,1.066803352,2456.97
800,Purchase,0.984483298,12946.64
800,Refi,0.927201633,2562.08
801,Purchase,1.033567921,22811.64
801,Purchase,1.025542533,22811.64
801,Purchase,0.93347,8003.57
802,Purchase,0.94091857,8003.57
802,Purchase,0.940788161,8003.57
802,Purchase,1.038876142,22811.64
802,Purchase,1.152286957,11547.36
802,Purchase,0.80924838,#REF!
803,Purchase,1.178285024,11547.36
803,Purchase,0.787175781,3016.18
803,Purchase,1.11347196,11547.36
803,Refi,0.909670124,1428.52
804,Purchase,0.951773333,8003.57
804,Purchase,1.052243084,22811.64
804,Purchase,1.01311952,22811.64
804,Purchase,1.090180505,22811.64
804,Purchase,0.957846099,8003.57
804,Purchase,1.041391971,22811.64
804,Refi,0.805237363,2524.11
804,Refi,0.764281366,2524.11
804,Refi,0.855934848,1428.52
804,Purchase,0.794727592,3016.18
805,Purchase,1.116165192,11547.36
805,Purchase,1.150720107,11547.36
805,Purchase,1.231425404,4006.68
805,Purchase,1.145215711,11547.36
806,Purchase,1.099529054,22811.64
806,Purchase,0.705651578,#REF!
806,Purchase,0.665105485,6374.57
806,Purchase,1.22902818,4006.68
806,Purchase,0.987325747,8003.57
806,Purchase,0.607948936,1327.6
806,Purchase,1.04354359,22811.64
806,Purchase,1.026035821,22811.64
806,Purchase,1.026543738,22811.64
807,Purchase,1.040547186,22811.64
807,Purchase,0.915369412,8003.57
807,Purchase,0.857236223,2998.79
807,Purchase,1.505187709,2094.14
807,Purchase,1.064579531,22811.64
807,Purchase,1.076489922,22811.64
808,Purchase,1.02145024,22811.64
808,Purchase,0.651320268,6374.57
808,Purchase,1.313131105,582.4
808,Purchase,0.697607377,6374.57
808,Purchase,1.10648262,22811.64
809,Purchase,1.013062108,22811.64
809,Purchase,0.971681621,8003.57
809,Purchase,0.6577325,6374.57
809,Purchase,0.857644718,2998.79
809,Purchase,1.110533333,11547.36
810,Purchase,1.068709677,22811.64
810,Purchase,1.114871143,11547.36
810,Purchase,1.056863791,22811.64
810,Purchase,1.126860492,11547.36
811,Purchase,0.718852671,#REF!
811,Purchase,0.99273702,16040.28
811,Purchase,1.082739936,21707.05
811,Purchase,0.991061905,16040.28
811,Purchase,0.731916346,7807.02
811,Purchase,0.961865502,16040.28
811,Purchase,1.040184369,21707.05
813,Purchase,0.51391863,#REF!
813,Purchase,1.044948817,21707.05
813,Purchase,1.020688654,21707.05
813,Purchase,1.073662478,21707.05
813,Purchase,1.112752495,6116.2
813,Purchase,1.22248942,8266.25
813,Purchase,1.033566994,21707.05
813,Refi,1.064711223,2153.71
813,Refi,0.950916558,2696.91
813,Purchase,1.041904636,21707.05
814,Purchase,1.095400952,21707.05
814,Purchase,1.169542522,6116.2
814,Purchase,0.659356807,#REF!
814,Purchase,1.073238636,21707.05
814,Purchase,1.051242604,21707.05
814,Purchase,1.123848244,6116.2
814,Purchase,1.56831301,2377.76
814,Purchase,0.960673464,16040.28
815,Purchase,1.025745514,21707.05
815,Purchase,1.192934015,6116.2
815,Purchase,1.028602062,21707.05
815,Purchase,1.091718919,21707.05
815,Purchase,0.953586864,16040.28
815,Purchase,1.012637136,21707.05
815,Refi,1.010261748,2153.71
815,Purchase,1.239390476,8266.25
816,Purchase,0.856037802,502.24
816,Purchase,0.961395639,16040.28
816,Purchase,0.928398209,16040.28
817,Purchase,1.078866856,21707.05
817,Purchase,1.344937398,712.57
817,Purchase,0.77706676,7807.02
817,Purchase,0.72038043,7807.02
818,Refi,1.285983864,1524.7
818,Refi,1.326059398,1271.73
818,Purchase,0.529849606,1758.58
818,Refi,0.966072922,2696.91
818,Purchase,0.749765698,7807.02
818,Purchase,1.1851616,6116.2
818,Purchase,0.948991696,16040.28
818,Purchase,1.099798157,21707.05
818,Purchase,0.925570388,16040.28
818,Purchase,1.012649374,21707.05
818,Refi,0.488372851,636.28
819,Purchase,0.99886696,16040.28
819,Purchase,0.93911748,16040.28
819,Refi,0.920604218,2696.91
819,Purchase,0.67114094,2220.39
819,Purchase,0.769716832,7807.02
820,Purchase,1.133461864,6116.2
820,Purchase,1.062125065,21707.05
820,Purchase,0.96718382,16040.28
820,Purchase,1.258746016,8266.25
820,Refi,1.716079787,1459.72
821,Purchase,0.593862328,#REF!
821,Purchase,1.146273327,21611.39
821,Purchase,1.078200371,19337.61
821,Purchase,1.1635724,21611.39
821,Purchase,0.989842379,5207.51
821,Refi,0.859261818,1026.51
822,Purchase,1.425500183,1357.45
822,Refi,1.035814006,3217.45
822,Purchase,0.569630196,4075.58
822,Purchase,1.038435524,19337.61
822,Purchase,1.299309865,7677.16
823,Purchase,1.01337667,19337.61
824,Purchase,0.670644105,#REF!
824,Purchase,0.98043523,5207.51
824,Purchase,1.062244499,19337.61
824,Purchase,1.084012025,19337.61
824,Purchase,0.542033369,4075.58
824,Purchase,0.941453416,5207.51
824,Purchase,0.36628862,525.92
824,Purchase,1.172200436,21611.39
824,Purchase,1.068803063,19337.61
825,Purchase,1.173381295,21611.39
825,Purchase,0.566055274,4075.58
825,Purchase,1.000750267,5207.51
825,Purchase,1.058565882,19337.61
825,Purchase,0.837903514,2569.63
825,Purchase,0.892167692,2569.63
826,Purchase,1.011648548,19337.61
826,Refi,0.988455814,577.08
826,Purchase,0.949919691,5207.51
826,Purchase,1.011790485,19337.61
826,Purchase,0.468147392,562.62
826,Purchase,1.202677419,21611.39
827,Purchase,0.90199061,2569.63
827,Purchase,1.215238247,7677.16
827,Purchase,1.391609662,2364.8
827,Refi,0.711257844,1051.84
828,Purchase,0.632411067,1824.07
828,Purchase,1.070116335,19337.61
828,Purchase,1.235717771,7677.16
828,Refi,1.247531828,3248.13
828,Purchase,0.568487671,4075.58
828,Purchase,1.13221779,21611.39
829,Refi,1.072388075,3217.45
829,Purchase,1.176183144,21611.39
829,Purchase,1.024756189,19337.61
829,Purchase,0.633537512,1824.07
829,Purchase,0.605186289,4075.58
829,Refi,1.496749569,2813.74
829,Purchase,1.187117148,21611.39
829,Purchase,1.252189235,7677.16
830,Purchase,1.159707513,21611.39
830,Purchase,1.204254545,21611.39
830,Refi,1.173550987,1879.46
830,Purchase,0.582239344,4075.58
830,Purchase,1.106259829,19337.61
830,Purchase,0.798687253,333.8
830,Refi,1.297367467,3248.13
831,Purchase,0.949304874,13656.53
831,Purchase,0.516516129,#REF!
831,Purchase,1.303031674,4042.69
831,Purchase,1.091012746,16270.25
831,Purchase,0.889329915,8161.99
831,Purchase,0.993142,13656.53
832,Purchase,1.286742683,4042.69
832,Purchase,0.862507368,8161.99
832,Purchase,0.851748387,8161.99
832,Purchase,1.150583166,14757.49
832,Refi,1.077720137,1778.43
832,Purchase,0.330969267,#REF!
833,Purchase,0.857783656,8161.99
833,Purchase,0.991391264,13656.53
833,Purchase,0.811633318,8161.99
833,Refi,0.953223435,1336.42
834,Purchase,1.020582857,16270.25
835,Purchase,1.065080913,16270.25
835,Purchase,1.075772557,16270.25
835,Purchase,1.100870324,16270.25
835,Purchase,0.434417373,#REF!
835,Purchase,0.77719217,6457.18
835,Purchase,1.158355853,14757.49
835,Purchase,0.769778633,6457.18
835,Purchase,0.989281034,13656.53
835,Purchase,0.983976471,13656.53
835,Purchase,1.045759921,16270.25
835,Purchase,0.95859926,13656.53
836,Purchase,1.375598513,2085.81
836,Purchase,1.096326061,16270.25
836,Purchase,1.114634746,14757.49
836,Purchase,0.926556779,13656.53
836,Purchase,0.491468078,3152.64
836,Purchase,0.972769767,13656.53
837,Purchase,0.96152956,13656.53
837,Purchase,1.079413665,16270.25
837,Purchase,1.14821745,14757.49
837,Purchase,1.414833272,1007.07
837,Purchase,1.173304733,14757.49
837,Purchase,1.077274718,16270.25
837,Purchase,1.098522658,16270.25
837,Purchase,1.137588848,14757.49
838,Purchase,1.127708583,14757.49
838,Purchase,0.92855962,13656.53
838,Purchase,0.662298015,885.4
838,Purchase,0.956188539,13656.53
838,Purchase,0.383209889,1925.52
839,Purchase,1.29764159,4042.69
839,Purchase,0.773344828,6457.18
839,Purchase,1.018604651,16270.25
840,Purchase,1.166156062,14757.49
840,Purchase,0.519480519,1759.12
840,Purchase,1.037508966,16270.25
840,Purchase,0.724444638,6457.18
840,Purchase,1.188530864,14757.49
840,Purchase,0.787372579,6457.18
840,Purchase,1.084674022,16270.25
840,Purchase,1.211711191,4042.69
840,Purchase,1.113690484,14757.49
840,Purchase,1.019283939,16270.25
840,Purchase,1.097598673,16270.25
841,Purchase,1.060808436,21868.81
841,Purchase,0.939601983,9529.4
841,Purchase,0.418270232,#REF!
842,Purchase,0.944783673,9529.4
842,Purchase,0.852705508,5180.93
842,Purchase,1.08510978,21868.81
842,Purchase,0.98199775,9529.4
842,Purchase,1.035980149,21868.81
843,Purchase,1.296893103,15179.74
843,Purchase,1.099300214,21868.81
843,Refi,0.462187721,642.47
843,Purchase,1.02875576,21868.81
843,Purchase,1.161284539,15601.05
844,Purchase,1.313383571,758.7
844,Purchase,0.862235844,5180.93
844,Purchase,0.689923752,#REF!
844,Purchase,1.121967311,15601.05
844,Purchase,1.086084615,21868.81
844,Purchase,1.181013972,15601.05
844,Purchase,0.724053691,#REF!
844,Purchase,1.001315686,9529.4
844,Purchase,0.797140395,6453.06
844,Purchase,0.709461913,2813.61
845,Purchase,1.030946882,21868.81
845,Purchase,1.080425668,21868.81
845,Refi,1.265631932,1689.84
846,Purchase,1.073000756,21868.81
846,Purchase,1.229718167,15179.74
846,Purchase,0.567132075,#REF!
846,Purchase,0.524336054,3730.64
846,Purchase,1.086926354,21868.81
846,Purchase,1.113989983,15601.05
846,Purchase,1.236821087,15179.74
846,Purchase,0.916331169,9529.4
846,Purchase,1.076624299,21868.81
847,Purchase,1.163276753,15601.05
847,Purchase,1.002535714,9529.4
847,Purchase,1.087292275,21868.81
848,Purchase,1.220743902,15179.74
848,Purchase,1.038262913,21868.81
848,Purchase,0.801007268,6453.06
848,Purchase,0.95129747,9529.4
848,Purchase,0.497367062,2466.22
848,Purchase,1.102534891,21868.81
848,Purchase,1.117026437,15601.05
848,Purchase,1.063531579,21868.81
848,Purchase,1.185157639,15601.05
848,Purchase,0.964444444,9529.4
849,Purchase,0.658991411,2813.61
849,Purchase,1.185574614,15601.05
849,Purchase,0.780842359,6453.06
849,Purchase,1.060817831,21868.81
849,Purchase,0.796099732,6453.06
849,Purchase,0.786065359,6453.06
849,Purchase,1.01174059,21868.81
849,Purchase,1.214976471,15179.74
850,Purchase,0.909055744,5180.93
850,Purchase,1.168614152,15601.05
850,Purchase,0.907236364,5180.93
850,Purchase,1.298194093,15179.74
850,Purchase,1.148481805,15601.05
850,Purchase,0.654843111,2813.61
850,Purchase,1.255420085,15179.74
850,Purchase,1.278351551,15179.74
851,Purchase,0.999828975,5846.3
851,Purchase,0.622155511,#REF!
851,Purchase,0.779220779,#REF!
852,Purchase,0.595302343,#REF!
852,Purchase,1.063778605,10984.17
852,Purchase,1.244509856,8379.44
852,Purchase,1.224976866,8379.44
852,Purchase,1.001617251,5846.3
853,Purchase,1.091875883,10984.17
853,Purchase,1.278275163,8379.44
853,Purchase,0.876205288,7967.45
853,Purchase,0.760835184,3597.17
854,Purchase,0.893430551,7967.45
854,Purchase,0.696196737,3540.15
854,Purchase,0.943928678,5846.3
855,Purchase,0.870523274,7967.45
855,Purchase,1.050810811,10984.17
855,Purchase,0.584759447,3881.56
855,Purchase,1.050375745,10984.17
855,Purchase,1.125219251,7064.66
855,Purchase,0.838768326,7967.45
855,Purchase,0.897089635,7967.45
856,Purchase,1.092402044,10984.17
857,Purchase,0.792458904,3597.17
857,Purchase,0.796068195,3597.17
857,Purchase,1.039121212,10984.17
857,Purchase,1.008093351,5846.3
857,Purchase,1.083691422,10984.17
858,Purchase,1.127334454,7064.66
858,Purchase,1.273749644,8379.44
858,Purchase,1.024656319,10984.17
858,Purchase,0.87694361,7967.45
858,Purchase,1.196982251,7064.66
859,Purchase,0.56172588,3881.56
859,Purchase,1.169469041,7064.66
859,Purchase,0.531498661,3881.56
859,Purchase,1.014535316,10984.17
859,Purchase,1.005304615,5846.3
859,Purchase,0.498015848,1384.69
859,Purchase,0.615498176,3540.15
860,Purchase,1.019060944,10984.17
860,Purchase,0.999509881,5846.3
860,Purchase,1.119805755,7064.66
860,Purchase,0.519930676,3881.56
860,Purchase,0.935596947,5846.3
861,Purchase,0.961405893,3031.26
861,Purchase,0.972740778,3031.26
861,Purchase,1.039530838,14653.22
861,Purchase,1.170551579,6048.94
862,Purchase,1.079941562,14653.22
862,Purchase,1.063243672,14653.22
862,Purchase,1.013805885,14653.22
862,Purchase,0.412405692,1478.1
862,Purchase,0.734745763,#REF!
863,Purchase,1.105008347,14653.22
863,Purchase,0.846960725,5301.05
863,Purchase,0.906289949,5301.05
863,Purchase,1.05753641,14653.22
864,Purchase,1.062627708,14653.22
864,Purchase,1.204484356,6048.94
864,Purchase,1.081494143,14653.22
865,Purchase,1.027813022,14653.22
865,Purchase,0.82135729,5301.05
865,Purchase,0.91781109,3031.26
865,Purchase,1.31393578,870.1
866,Purchase,0.876896703,5301.05
866,Purchase,0.950505855,3031.26
868,Purchase,1.41256145,2335.42
868,Purchase,1.026750643,14653.22
869,Purchase,0.901723499,5301.05
869,Purchase,0.918746723,3031.26
869,Purchase,0.857180128,5301.05
869,Purchase,1.028641452,14653.22
869,Purchase,0.796642424,919.2
869,Purchase,1.1872743,6048.94
870,Purchase,0.84221501,5301.05
871,Purchase,0.652577277,#REF!
871,Purchase,0.905078409,5844.2
871,Purchase,0.830564246,5844.2
872,Purchase,0.874234711,5844.2
872,Purchase,1.097671795,7799.17
872,Purchase,0.408384615,588.35
873,Purchase,0.952380952,4121.59
873,Purchase,0.986676503,4121.59
874,Purchase,0.608637067,#REF!
874,Purchase,1.429156328,3067.58
875,Purchase,1.194985956,6800.82
875,Purchase,0.891381659,5844.2
875,Purchase,1.04223545,7799.17
875,Purchase,0.714350075,510.45
875,Purchase,1.430688202,3067.58
875,Purchase,0.988325926,4121.59
875,Purchase,1.133093773,6800.82
876,Purchase,0.831960587,5844.2
877,Purchase,0.562985884,929.49
877,Purchase,0.709677419,3325.72
877,Purchase,1.21043964,1639.15
877,Purchase,1.073102419,7799.17
877,Purchase,1.138706849,6800.82
877,Purchase,1.053440179,7799.17
877,Purchase,1.111515942,6800.82
879,Purchase,0.989199306,4121.59
879,Purchase,1.086559645,7799.17
879,Purchase,1.046946586,7799.17
881,Purchase,1.0332194,3884.73
881,Purchase,0.951426649,1829.18
881,Purchase,1.028046512,3884.73
881,Purchase,1.396257364,2476.35
882,Purchase,0.925707152,1829.18
883,Purchase,1.163373711,3914.15
887,Purchase,0.662983425,1312.9
887,Purchase,1.127380129,3914.15
887,Purchase,0.988757282,1829.18
890,Purchase,1.241198374,757
